"harvestcraft:blackberryitem:0","黑莓"
"harvestcraft:blackberryseeditem:0","黑莓种子"
"harvestcraft:blueberryitem:0","蓝莓"
"harvestcraft:blueberryseeditem:0","蓝莓种子"
"harvestcraft:candleberryitem:0","蜡杨梅"
"harvestcraft:candleberryseeditem:0","蜡杨梅种子"
"harvestcraft:raspberryitem:0","树莓"
"harvestcraft:raspberryseeditem:0","树莓种子"
"harvestcraft:strawberryitem:0","草莓"
"harvestcraft:strawberryseeditem:0","草莓种子"
"harvestcraft:cactusfruititem:0","仙人掌果"
"harvestcraft:cactusfruitseeditem:0","仙人掌果种子"
"harvestcraft:asparagusitem:0","芦笋"
"harvestcraft:asparagusseeditem:0","芦笋种子"
"harvestcraft:barleyitem:0","大麦"
"harvestcraft:barleyseeditem:0","大麦种子"
"harvestcraft:oatsitem:0","燕麦"
"harvestcraft:oatsseeditem:0","燕麦种子"
"harvestcraft:ryeitem:0","黑麦"
"harvestcraft:ryeseeditem:0","黑麦种子"
"harvestcraft:cornitem:0","玉米"
"harvestcraft:cornseeditem:0","玉米种子"
"harvestcraft:bambooshootitem:0","竹笋"
"harvestcraft:bambooshootseeditem:0","竹笋种子"
"harvestcraft:cantaloupeitem:0","哈密瓜"
"harvestcraft:cantaloupeseeditem:0","哈密瓜种子"
"harvestcraft:cucumberitem:0","黄瓜"
"harvestcraft:cucumberseeditem:0","黄瓜种子"
"harvestcraft:wintersquashitem:0","冬南瓜"
"harvestcraft:wintersquashseeditem:0","冬南瓜种子"
"harvestcraft:zucchiniitem:0","西葫芦"
"harvestcraft:zucchiniseeditem:0","西葫芦种子"
"harvestcraft:beetitem:0","甜菜"
"harvestcraft:beetseeditem:0","甜菜种子"
"harvestcraft:onionitem:0","洋葱"
"harvestcraft:onionseeditem:0","洋葱种子"
"harvestcraft:parsnipitem:0","欧防风"
"harvestcraft:parsnipseeditem:0","欧防风种子"
"harvestcraft:peanutitem:0","花生"
"harvestcraft:peanutseeditem:0","花生种子"
"harvestcraft:radishitem:0","小红萝卜"
"harvestcraft:radishseeditem:0","小红萝卜种子"
"harvestcraft:rutabagaitem:0","芜菁甘蓝"
"harvestcraft:rutabagaseeditem:0","芜菁甘蓝种子"
"harvestcraft:sweetpotatoitem:0","番薯"
"harvestcraft:sweetpotatoseeditem:0","番薯种子"
"harvestcraft:turnipitem:0","芜菁"
"harvestcraft:turnipseeditem:0","芜菁种子"
"harvestcraft:rhubarbitem:0","大黄"
"harvestcraft:rhubarbseeditem:0","大黄种子"
"harvestcraft:celeryitem:0","芹菜"
"harvestcraft:celeryseeditem:0","芹菜种子"
"harvestcraft:garlicitem:0","大蒜"
"harvestcraft:garlicseeditem:0","大蒜种子"
"harvestcraft:gingeritem:0","姜"
"harvestcraft:gingerseeditem:0","姜种子"
"harvestcraft:spiceleafitem:0","香料叶"
"harvestcraft:spiceleafseeditem:0","香料叶种子"
"harvestcraft:tealeafitem:0","茶叶"
"harvestcraft:teaseeditem:0","茶种子"
"harvestcraft:coffeebeanitem:0","咖啡豆"
"harvestcraft:coffeeseeditem:0","咖啡种子"
"harvestcraft:mustardseedsitem:0","芥菜籽"
"harvestcraft:mustardseeditem:0","芥菜种子"
"harvestcraft:broccoliitem:0","西兰花"
"harvestcraft:broccoliseeditem:0","西兰花种子"
"harvestcraft:caulifloweritem:0","花椰菜"
"harvestcraft:cauliflowerseeditem:0","花椰菜种子"
"harvestcraft:leekitem:0","韭葱"
"harvestcraft:leekseeditem:0","韭葱种子"
"harvestcraft:lettuceitem:0","生菜"
"harvestcraft:lettuceseeditem:0","生菜种子"
"harvestcraft:scallionitem:0","青葱"
"harvestcraft:scallionseeditem:0","青葱种子"
"harvestcraft:artichokeitem:0","洋蓟"
"harvestcraft:artichokeseeditem:0","洋蓟种子"
"harvestcraft:brusselsproutitem:0","芽甘蓝"
"harvestcraft:brusselsproutseeditem:0","芽甘蓝种子"
"harvestcraft:cabbageitem:0","卷心菜"
"harvestcraft:cabbageseeditem:0","卷心菜种子"
"harvestcraft:spinachitem:0","菠菜"
"harvestcraft:spinachseeditem:0","菠菜种子"
"harvestcraft:whitemushroomitem:0","白蘑菇"
"harvestcraft:whitemushroomseeditem:0","白蘑菇孢子"
"harvestcraft:beanitem:0","豆子"
"harvestcraft:beanseeditem:0","豆子种子"
"harvestcraft:soybeanitem:0","黄豆"
"harvestcraft:soybeanseeditem:0","黄豆种子"
"harvestcraft:bellpepperitem:0","甜椒"
"harvestcraft:bellpepperseeditem:0","甜椒种子"
"harvestcraft:chilipepperitem:0","红辣椒"
"harvestcraft:chilipepperseeditem:0","红辣椒种子"
"harvestcraft:eggplantitem:0","茄子"
"harvestcraft:eggplantseeditem:0","茄子种子"
"harvestcraft:okraitem:0","秋葵"
"harvestcraft:okraseeditem:0","秋葵种子"
"harvestcraft:peasitem:0","豌豆"
"harvestcraft:peasseeditem:0","豌豆种子"
"harvestcraft:tomatoitem:0","番茄"
"harvestcraft:tomatoseeditem:0","番茄种子"
"harvestcraft:cottonitem:0","棉花"
"harvestcraft:cottonseeditem:0","棉花种子"
"harvestcraft:pineappleitem:0","菠萝"
"harvestcraft:pineappleseeditem:0","菠萝种子"
"harvestcraft:grapeitem:0","葡萄"
"harvestcraft:grapeseeditem:0","葡萄种子"
"harvestcraft:kiwiitem:0","猕猴桃"
"harvestcraft:kiwiseeditem:0","猕猴桃种子"
"harvestcraft:cranberryitem:0","蔓越莓"
"harvestcraft:cranberryseeditem:0","蔓越莓种子"
"harvestcraft:riceitem:0","水稻"
"harvestcraft:riceseeditem:0","水稻种子"
"harvestcraft:seaweeditem:0","海藻"
"harvestcraft:seaweedseeditem:0","海藻种子"
"harvestcraft:curryleafitem:0","咖哩叶"
"harvestcraft:curryleafseeditem:0","咖喱叶种子"
"harvestcraft:sesameseedsitem:0","芝麻"
"harvestcraft:sesameseedsseeditem:0","芝麻种子"
"harvestcraft:waterchestnutitem:0","孛荠"
"harvestcraft:waterchestnutseeditem:0","孛荠种子"
"harvestcraft:gigapickleitem:0","小黄瓜"
"harvestcraft:gigapickleseeditem:0","小黄瓜种子"
"harvestcraft:kaleitem:0","甘蓝"
"harvestcraft:kaleseeditem:0","甘蓝种子"
"harvestcraft:agaveitem:0","龙舌兰"
"harvestcraft:agaveseeditem:0","龙舌兰种子"
"harvestcraft:amaranthitem:0","苋菜"
"harvestcraft:amaranthseeditem:0","苋菜种子"
"harvestcraft:arrowrootitem:0","葛根"
"harvestcraft:arrowrootseeditem:0","葛根种子"
"harvestcraft:cassavaitem:0","木薯"
"harvestcraft:cassavaseeditem:0","木薯种子"
"harvestcraft:chickpeaitem:0","鹰嘴豆"
"harvestcraft:chickpeaseeditem:0","鹰嘴豆种子"
"harvestcraft:elderberryitem:0","接骨木"
"harvestcraft:elderberryseeditem:0","接骨木种子"
"harvestcraft:flaxitem:0","亚麻"
"harvestcraft:flaxseeditem:0","亚麻种子"
"harvestcraft:greengrapeitem:0","绿葡萄"
"harvestcraft:greengrapeseeditem:0","绿葡萄种子"
"harvestcraft:huckleberryitem:0","黑木莓"
"harvestcraft:huckleberryseeditem:0","黑木莓种子"
"harvestcraft:jicamaitem:0","豆薯"
"harvestcraft:jicamaseeditem:0","豆薯种子"
"harvestcraft:juteitem:0","黄麻"
"harvestcraft:juteseeditem:0","黄麻种子"
"harvestcraft:kenafitem:0","红麻"
"harvestcraft:kenafseeditem:0","红麻种子"
"harvestcraft:kohlrabiitem:0","大头菜"
"harvestcraft:kohlrabiseeditem:0","大头菜种子"
"harvestcraft:lentilitem:0","扁豆"
"harvestcraft:lentilseeditem:0","扁豆种子"
"harvestcraft:milletitem:0","小米"
"harvestcraft:milletseeditem:0","小米种子"
"harvestcraft:mulberryitem:0","桑葚"
"harvestcraft:mulberryseeditem:0","桑葚种子"
"harvestcraft:quinoaitem:0","藜麦"
"harvestcraft:quinoaseeditem:0","藜麦种子"
"harvestcraft:sisalitem:0","剑麻"
"harvestcraft:sisalseeditem:0","剑麻种子"
"harvestcraft:taroitem:0","芋头"
"harvestcraft:taroseeditem:0","芋头种子"
"harvestcraft:date_sapling:0","枣椰树苗"
"harvestcraft:dateitem:0","枣椰"
"harvestcraft:pamdate:0","枣椰"
"harvestcraft:papaya_sapling:0","木瓜树苗"
"harvestcraft:papayaitem:0","木瓜"
"harvestcraft:pampapaya:0","木瓜"
"harvestcraft:cherry_sapling:0","樱桃树苗"
"harvestcraft:cherryitem:0","樱桃"
"harvestcraft:pamcherry:0","樱桃"
"harvestcraft:fig_sapling:0","无花果树苗"
"harvestcraft:figitem:0","无花果"
"harvestcraft:pamfig:0","无花果"
"harvestcraft:soursop_sapling:0","刺果番荔枝树苗"
"harvestcraft:soursopitem:0","刺果番荔枝"
"harvestcraft:pamsoursop:0","刺果番荔枝"
"harvestcraft:dragonfruit_sapling:0","火龙果树苗"
"harvestcraft:dragonfruititem:0","火龙果"
"harvestcraft:pamdragonfruit:0","火龙果"
"harvestcraft:rambutan_sapling:0","红毛丹树苗"
"harvestcraft:rambutanitem:0","红毛丹"
"harvestcraft:pamrambutan:0","红毛丹"
"harvestcraft:jackfruit_sapling:0","菠萝蜜树苗"
"harvestcraft:jackfruititem:0","菠萝蜜"
"harvestcraft:pamjackfruit:0","菠萝蜜"
"harvestcraft:passionfruit_sapling:0","百香果树苗"
"harvestcraft:passionfruititem:0","百香果"
"harvestcraft:pampassionfruit:0","百香果"
"harvestcraft:apple_sapling:0","苹果树苗"
"harvestcraft:pamapple:0","苹果"
"harvestcraft:lemon_sapling:0","柠檬树苗"
"harvestcraft:lemonitem:0","柠檬"
"harvestcraft:pamlemon:0","柠檬"
"harvestcraft:pear_sapling:0","梨树树苗"
"harvestcraft:pearitem:0","梨"
"harvestcraft:pampear:0","梨"
"harvestcraft:olive_sapling:0","橄榄树苗"
"harvestcraft:oliveitem:0","橄榄"
"harvestcraft:pamolive:0","橄榄"
"harvestcraft:spiderweb_sapling:0","蛛网树苗"
"harvestcraft:pamspiderweb:0","蛛网"
"harvestcraft:grapefruit_sapling:0","葡萄柚树苗"
"harvestcraft:grapefruititem:0","葡萄柚"
"harvestcraft:pamgrapefruit:0","葡萄柚"
"harvestcraft:pomegranate_sapling:0","石榴树苗"
"harvestcraft:pomegranateitem:0","石榴"
"harvestcraft:pampomegranate:0","石榴"
"harvestcraft:cashew_sapling:0","腰果树苗"
"harvestcraft:cashewitem:0","腰果"
"harvestcraft:pamcashew:0","腰果"
"harvestcraft:vanillabean_sapling:0","香草树苗"
"harvestcraft:vanillabeanitem:0","香草豆荚"
"harvestcraft:pamvanillabean:0","香草豆"
"harvestcraft:starfruit_sapling:0","杨桃树苗"
"harvestcraft:starfruititem:0","杨桃"
"harvestcraft:pamstarfruit:0","杨桃"
"harvestcraft:banana_sapling:0","香蕉树苗"
"harvestcraft:bananaitem:0","香蕉"
"harvestcraft:pambanana:0","香蕉"
"harvestcraft:plum_sapling:0","李子树苗"
"harvestcraft:plumitem:0","李子"
"harvestcraft:pamplum:0","李子"
"harvestcraft:avocado_sapling:0","鳄梨树苗"
"harvestcraft:avocadoitem:0","鳄梨"
"harvestcraft:pamavocado:0","鳄梨"
"harvestcraft:pecan_sapling:0","山核桃树苗"
"harvestcraft:pecanitem:0","山核桃"
"harvestcraft:pampecan:0","山核桃"
"harvestcraft:pistachio_sapling:0","开心果树苗"
"harvestcraft:pistachioitem:0","开心果"
"harvestcraft:pampistachio:0","开心果"
"harvestcraft:hazelnut_sapling:0","榛子树苗"
"harvestcraft:hazelnutitem:0","榛子"
"harvestcraft:pamhazelnut:0","榛子"
"harvestcraft:lime_sapling:0","酸橙树苗"
"harvestcraft:limeitem:0","酸橙"
"harvestcraft:pamlime:0","酸橙"
"harvestcraft:peppercorn_sapling:0","胡椒树苗"
"harvestcraft:peppercornitem:0","胡椒"
"harvestcraft:pampeppercorn:0","胡椒"
"harvestcraft:almond_sapling:0","杏仁树苗"
"harvestcraft:almonditem:0","杏仁"
"harvestcraft:pamalmond:0","杏仁"
"harvestcraft:gooseberry_sapling:0","醋栗树苗"
"harvestcraft:gooseberryitem:0","醋栗"
"harvestcraft:pamgooseberry:0","醋栗"
"harvestcraft:peach_sapling:0","桃树苗"
"harvestcraft:peachitem:0","桃子"
"harvestcraft:pampeach:0","桃子"
"harvestcraft:chestnut_sapling:0","栗子树苗"
"harvestcraft:chestnutitem:0","栗子"
"harvestcraft:pamchestnut:0","栗子"
"harvestcraft:pawpaw_sapling:0","木瓜树苗"
"harvestcraft:pawpawitem:0","木瓜"
"harvestcraft:pampawpaw:0","木瓜"
"harvestcraft:coconut_sapling:0","椰子树苗"
"harvestcraft:coconutitem:0","椰子"
"harvestcraft:pamcoconut:0","椰子"
"harvestcraft:mango_sapling:0","芒果树苗"
"harvestcraft:mangoitem:0","芒果"
"harvestcraft:pammango:0","芒果"
"harvestcraft:apricot_sapling:0","杏树苗"
"harvestcraft:apricotitem:0","杏子"
"harvestcraft:pamapricot:0","杏子"
"harvestcraft:orange_sapling:0","橙子树苗"
"harvestcraft:orangeitem:0","橙子"
"harvestcraft:pamorange:0","橙子"
"harvestcraft:walnut_sapling:0","胡桃树苗"
"harvestcraft:walnutitem:0","核桃"
"harvestcraft:pamwalnut:0","胡桃"
"harvestcraft:lychee_sapling:0","荔枝树苗"
"harvestcraft:lycheeitem:0","荔枝"
"harvestcraft:pamlychee:0","荔枝"
"harvestcraft:persimmon_sapling:0","柿子树苗"
"harvestcraft:persimmonitem:0","柿子"
"harvestcraft:pampersimmon:0","柿子"
"harvestcraft:guava_sapling:0","番石榴树苗"
"harvestcraft:guavaitem:0","番石榴"
"harvestcraft:pamguava:0","番石榴"
"harvestcraft:breadfruit_sapling:0","面包树树苗"
"harvestcraft:breadfruititem:0","面包果"
"harvestcraft:pambreadfruit:0","面包果"
"harvestcraft:nutmeg_sapling:0","肉豆蔻树苗"
"harvestcraft:nutmegitem:0","肉豆蔻"
"harvestcraft:pamnutmeg:0","肉豆蔻"
"harvestcraft:durian_sapling:0","榴莲树苗"
"harvestcraft:durianitem:0","榴莲"
"harvestcraft:pamdurian:0","榴莲"
"harvestcraft:tamarind_sapling:0","酸角树苗"
"harvestcraft:tamarinditem:0","酸角"
"harvestcraft:pamtamarind:0","酸角"
"harvestcraft:cinnamon_sapling:0","肉桂树苗"
"harvestcraft:cinnamonitem:0","肉桂"
"harvestcraft:pamcinnamon:0","肉桂木"
"harvestcraft:maple_sapling:0","枫树树苗"
"harvestcraft:maplesyrupitem:0","枫树糖浆"
"harvestcraft:pammaple:0","枫木"
"harvestcraft:paperbark_sapling:0","白千层树树苗"
"harvestcraft:pampaperbark:0","白千层木"
"harvestcraft:market:0","集市方块"
"harvestcraft:shippingbin:0","贸易箱"
"harvestcraft:well:0","井"
"harvestcraft:groundtrap:0","捕兽笼"
"harvestcraft:watertrap:0","捕鱼笼"
"harvestcraft:waterfilter:0","滤水器"
"harvestcraft:grinder:0","研磨机"
"harvestcraft:beehive:0","蜂窝"
"harvestcraft:apiary:0","蜂房"
"harvestcraft:honey:0","蜂蜜块"
"harvestcraft:honeycomb:0","蜂窝块"
"harvestcraft:pressedwax:0","压缩蜡块"
"harvestcraft:waxcomb:0","蜂窝蜡块"
"harvestcraft:candledeco1:0","白色蜡烛"
"harvestcraft:candledeco2:0","橙色蜡烛"
"harvestcraft:candledeco3:0","品红色蜡烛"
"harvestcraft:candledeco4:0","淡蓝色蜡烛"
"harvestcraft:candledeco5:0","黄色蜡烛"
"harvestcraft:candledeco6:0","黄绿色蜡烛"
"harvestcraft:candledeco7:0","粉色蜡烛"
"harvestcraft:candledeco8:0","深灰色蜡烛"
"harvestcraft:candledeco9:0","淡灰色蜡烛"
"harvestcraft:candledeco10:0","青色蜡烛"
"harvestcraft:candledeco11:0","紫色蜡烛"
"harvestcraft:candledeco12:0","蓝色蜡烛"
"harvestcraft:candledeco13:0","棕色蜡烛"
"harvestcraft:candledeco14:0","绿色蜡烛"
"harvestcraft:candledeco15:0","红色蜡烛"
"harvestcraft:candledeco16:0","黑色蜡烛"
"harvestcraft:aridgarden:0","贫瘠菜园"
"harvestcraft:frostgarden:0","严寒菜园"
"harvestcraft:shadedgarden:0","荫蔽菜园"
"harvestcraft:soggygarden:0","湿润菜园"
"harvestcraft:tropicalgarden:0","热带菜园"
"harvestcraft:windygarden:0","多风菜园"
"harvestcraft:presser:0","榨汁机"
"harvestcraft:carrotcakeitem:0","胡萝卜蛋糕"
"harvestcraft:cheesecakeitem:0","奶酪蛋糕"
"harvestcraft:cherrycheesecakeitem:0","樱桃奶酪蛋糕"
"harvestcraft:chocolatesprinklecakeitem:0","巧克力彩糖蛋糕"
"harvestcraft:holidaycakeitem:0","节日蛋糕"
"harvestcraft:lamingtonitem:0","拉明顿蛋糕"
"harvestcraft:pavlovaitem:0","巴甫洛娃蛋糕"
"harvestcraft:pineappleupsidedowncakeitem:0","凤梨蛋糕"
"harvestcraft:pumpkincheesecakeitem:0","南瓜奶酪糕"
"harvestcraft:redvelvetcakeitem:0","红色天鹅绒蛋糕"
"harvestcraft:garliccoinitem:0","大蒜币"
"harvestcraft:ediblerootitem:0","食用根"
"harvestcraft:sunflowerseedsitem:0","向日葵籽"
"harvestcraft:calamarirawitem:0","生鱿鱼"
"harvestcraft:calamaricookeditem:0","熟鱿鱼"
"harvestcraft:saltitem:0","盐"
"harvestcraft:wovencottonitem:0","织棉"
"harvestcraft:freshwateritem:0","淡水"
"harvestcraft:freshmilkitem:0","新鲜牛奶"
"harvestcraft:grilledasparagusitem:0","烤芦笋"
"harvestcraft:bakedsweetpotatoitem:0","烤地瓜"
"harvestcraft:grilledeggplantitem:0","烤茄子"
"harvestcraft:toastitem:0","吐司"
"harvestcraft:cheeseitem:0","奶酪"
"harvestcraft:icecreamitem:0","冰淇淋"
"harvestcraft:grilledcheeseitem:0","烤奶酪"
"harvestcraft:applesauceitem:0","苹果酱"
"harvestcraft:pumpkinbreaditem:0","南瓜面包"
"harvestcraft:caramelappleitem:0","焦糖苹果"
"harvestcraft:applepieitem:0","苹果派"
"harvestcraft:teaitem:0","茶"
"harvestcraft:coffeeitem:0","咖啡"
"harvestcraft:popcornitem:0","爆米花"
"harvestcraft:raisinsitem:0","葡萄干"
"harvestcraft:ricecakeitem:0","米糕"
"harvestcraft:toastedcoconutitem:0","烤椰子"
"harvestcraft:roastedpumpkinseedsitem:0","烤南瓜子"
"harvestcraft:vanillaitem:0","香草"
"harvestcraft:toastedsesameseedsitem:0","烘芝麻"
"harvestcraft:flouritem:0","面粉"
"harvestcraft:doughitem:0","面团"
"harvestcraft:pastaitem:0","意大利面"
"harvestcraft:heavycreamitem:0","多脂奶油"
"harvestcraft:butteritem:0","黄油"
"harvestcraft:applejuiceitem:0","苹果汁"
"harvestcraft:melonjuiceitem:0","西瓜汁"
"harvestcraft:carrotjuiceitem:0","胡萝卜汁"
"harvestcraft:strawberryjuiceitem:0","草莓汁"
"harvestcraft:grapejuiceitem:0","葡萄汁"
"harvestcraft:blueberryjuiceitem:0","蓝莓汁"
"harvestcraft:cherryjuiceitem:0","樱桃汁"
"harvestcraft:papayajuiceitem:0","木瓜汁"
"harvestcraft:starfruitjuiceitem:0","杨桃汁"
"harvestcraft:orangejuiceitem:0","橙子汁"
"harvestcraft:peachjuiceitem:0","桃子汁"
"harvestcraft:limejuiceitem:0","酸橙汁"
"harvestcraft:mangojuiceitem:0","芒果汁"
"harvestcraft:pomegranatejuiceitem:0","石榴汁"
"harvestcraft:blackberryjuiceitem:0","黑莓汁"
"harvestcraft:raspberryjuiceitem:0","树莓汁"
"harvestcraft:kiwijuiceitem:0","猕猴桃汁"
"harvestcraft:cranberryjuiceitem:0","蔓越莓汁"
"harvestcraft:cactusfruitjuiceitem:0","仙人掌果汁"
"harvestcraft:plumjuiceitem:0","李子汁"
"harvestcraft:pearjuiceitem:0","梨汁"
"harvestcraft:apricotjuiceitem:0","杏子汁"
"harvestcraft:figjuiceitem:0","无花果汁"
"harvestcraft:grapefruitjuiceitem:0","葡萄柚汁"
"harvestcraft:persimmonjuiceitem:0","柿子汁"
"harvestcraft:pumpkinsoupitem:0","南瓜汤"
"harvestcraft:melonsmoothieitem:0","西瓜冰沙"
"harvestcraft:carrotsoupitem:0","胡萝卜汤"
"harvestcraft:glazedcarrotsitem:0","糖水胡萝卜"
"harvestcraft:butteredpotatoitem:0","奶油马铃薯"
"harvestcraft:loadedbakedpotatoitem:0","盖浇烤马铃薯"
"harvestcraft:mashedpotatoesitem:0","土豆泥"
"harvestcraft:potatosaladitem:0","马铃薯色拉"
"harvestcraft:potatosoupitem:0","马铃薯汤"
"harvestcraft:friesitem:0","炸薯条"
"harvestcraft:grilledmushroomitem:0","烤蘑菇"
"harvestcraft:stuffedmushroomitem:0","盒子冬菇"
"harvestcraft:chickensandwichitem:0","鸡肉三明治"
"harvestcraft:chickennoodlesoupitem:0","美式鸡汤面"
"harvestcraft:chickenpotpieitem:0","鸡肉派"
"harvestcraft:breadedporkchopitem:0","厚皮猪排"
"harvestcraft:hotdogitem:0","热狗"
"harvestcraft:bakedhamitem:0","烤火腿"
"harvestcraft:hamburgeritem:0","汉堡包"
"harvestcraft:cheeseburgeritem:0","奶酪汉堡包"
"harvestcraft:potroastitem:0","红烧牛肉"
"harvestcraft:fishsandwichitem:0","鲜鱼三明治"
"harvestcraft:fishsticksitem:0","鱼糕"
"harvestcraft:fishandchipsitem:0","烤鱼薯条"
"harvestcraft:mayoitem:0","蛋黄酱"
"harvestcraft:friedeggitem:0","煎蛋"
"harvestcraft:scrambledeggitem:0","炒蛋"
"harvestcraft:boiledeggitem:0","水煮鸡蛋"
"harvestcraft:eggsaladitem:0","鸡蛋色拉"
"harvestcraft:caramelitem:0","焦糖"
"harvestcraft:taffyitem:0","太妃糖"
"harvestcraft:spidereyesoupitem:0","蜘蛛眼汤"
"harvestcraft:zombiejerkyitem:0","僵尸肉干"
"harvestcraft:cocoapowderitem:0","可可豆粉"
"harvestcraft:chocolatebaritem:0","巧克力条"
"harvestcraft:hotchocolateitem:0","热巧克力"
"harvestcraft:chocolateicecreamitem:0","巧克力冰淇淋"
"harvestcraft:vegetablesoupitem:0","蔬菜汤"
"harvestcraft:stockitem:0","底汤"
"harvestcraft:fruitsaladitem:0","水果色拉"
"harvestcraft:spagettiitem:0","意大利面"
"harvestcraft:spagettiandmeatballsitem:0","肉丸意大利面"
"harvestcraft:tomatosoupitem:0","番茄汤"
"harvestcraft:ketchupitem:0","番茄酱"
"harvestcraft:chickenparmasanitem:0","芝士鸡扒"
"harvestcraft:springsaladitem:0","春天色拉"
"harvestcraft:porklettucewrapitem:0","生菜肉卷"
"harvestcraft:fishlettucewrapitem:0","生菜鱼卷"
"harvestcraft:bltitem:0","培根生菜番茄三明治"
"harvestcraft:leafychickensandwichitem:0","鸡肉生菜三明治"
"harvestcraft:leafyfishsandwichitem:0","鱼肉生菜三明治"
"harvestcraft:potatocakesitem:0","马铃薯蛋糕"
"harvestcraft:hashitem:0","土豆煎牛肉"
"harvestcraft:braisedonionsitem:0","炖洋葱"
"harvestcraft:cornonthecobitem:0","煮玉米棒子"
"harvestcraft:cornmealitem:0","玉米粉"
"harvestcraft:cornbreaditem:0","玉米面包"
"harvestcraft:tortillaitem:0","玉米粉薄烙饼"
"harvestcraft:nachoesitem:0","烤干酪辣味玉米片"
"harvestcraft:tacoitem:0","墨西哥玉米卷饼"
"harvestcraft:fishtacoitem:0","墨西哥鱼肉玉米卷饼"
"harvestcraft:creamedcornitem:0","奶油玉米"
"harvestcraft:strawberrysmoothieitem:0","草莓冰沙"
"harvestcraft:strawberrypieitem:0","草莓派"
"harvestcraft:strawberrysaladitem:0","草莓色拉"
"harvestcraft:chocolatestrawberryitem:0","巧克力草莓"
"harvestcraft:peanutbutteritem:0","花生酱"
"harvestcraft:trailmixitem:0","什锦杂果"
"harvestcraft:pbandjitem:0","果酱三明治"
"harvestcraft:peanutbuttercookiesitem:0","果酱饼干"
"harvestcraft:vinegaritem:0","醋"
"harvestcraft:grapejellyitem:0","葡萄果酱"
"harvestcraft:grapesaladitem:0","葡萄色拉"
"harvestcraft:raisincookiesitem:0","葡萄干饼干"
"harvestcraft:picklesitem:0","腌黄瓜"
"harvestcraft:cucumbersaladitem:0","黄瓜色拉"
"harvestcraft:cucumbersoupitem:0","黄瓜汤"
"harvestcraft:vegetarianlettucewrapitem:0","素味生菜卷"
"harvestcraft:marinatedcucumbersitem:0","卤黄瓜"
"harvestcraft:ricesoupitem:0","稀饭"
"harvestcraft:friedriceitem:0","炒饭"
"harvestcraft:mushroomrisottoitem:0","双菇白汁焗饭"
"harvestcraft:curryitem:0","咖喱饭"
"harvestcraft:rainbowcurryitem:0","彩虹咖喱"
"harvestcraft:refriedbeansitem:0","炸豆泥"
"harvestcraft:bakedbeansitem:0","烘豆"
"harvestcraft:beansandriceitem:0","大豆饭"
"harvestcraft:chiliitem:0","辣酱汤"
"harvestcraft:beanburritoitem:0","大豆煎饼"
"harvestcraft:stuffedpepperitem:0","瓤青椒"
"harvestcraft:veggiestirfryitem:0","素味快炒"
"harvestcraft:grilledskewersitem:0","烤串烧"
"harvestcraft:omeletitem:0","煎蛋卷"
"harvestcraft:hotwingsitem:0","香辣鸡翅"
"harvestcraft:chilipoppersitem:0","酪辣椒棒"
"harvestcraft:extremechiliitem:0","至尊辣椒"
"harvestcraft:chilichocolateitem:0","辣椒巧克力"
"harvestcraft:lemonaideitem:0","柠檬水"
"harvestcraft:lemonbaritem:0","柠檬条"
"harvestcraft:fishdinneritem:0","鲜鱼晚宴"
"harvestcraft:lemonsmoothieitem:0","柠檬冰沙"
"harvestcraft:lemonmeringueitem:0","柠檬酥"
"harvestcraft:candiedlemonitem:0","蜜饯柠檬"
"harvestcraft:lemonchickenitem:0","香酥柠檬鸡"
"harvestcraft:blueberrysmoothieitem:0","蓝莓冰沙"
"harvestcraft:blueberrypieitem:0","蓝莓派"
"harvestcraft:blueberrymuffinitem:0","蓝莓松糕"
"harvestcraft:pancakesitem:0","煎饼"
"harvestcraft:blueberrypancakesitem:0","蓝莓煎饼"
"harvestcraft:cherrypieitem:0","樱桃派"
"harvestcraft:chocolatecherryitem:0","巧克力樱桃"
"harvestcraft:cherrysmoothieitem:0","樱桃冰沙"
"harvestcraft:stuffedeggplantitem:0","瓤茄子"
"harvestcraft:eggplantparmitem:0","茄汁意面"
"harvestcraft:raspberryicedteaitem:0","树莓冰红茶"
"harvestcraft:chaiteaitem:0","印度香茶"
"harvestcraft:espressoitem:0","特浓咖啡"
"harvestcraft:coffeeconlecheitem:0","牛奶咖啡"
"harvestcraft:mochaicecreamitem:0","摩卡冰淇淋"
"harvestcraft:pickledbeetsitem:0","腌渍甜菜"
"harvestcraft:beetsaladitem:0","甜菜色拉"
"harvestcraft:beetsoupitem:0","甜菜汤"
"harvestcraft:bakedbeetsitem:0","烤甜菜"
"harvestcraft:broccolimacitem:0","西兰花意面"
"harvestcraft:broccolindipitem:0","西兰花浓汤"
"harvestcraft:creamedbroccolisoupitem:0","西兰花鲜疏汤"
"harvestcraft:sweetpotatopieitem:0","番薯派"
"harvestcraft:candiedsweetpotatoesitem:0","蜜汁番薯"
"harvestcraft:mashedsweetpotatoesitem:0","甘薯泥"
"harvestcraft:steamedpeasitem:0","清蒸豌豆"
"harvestcraft:splitpeasoupitem:0","豌豆浓汤"
"harvestcraft:pineapplehamitem:0","凤梨火腿"
"harvestcraft:pineappleyogurtitem:0","凤梨酸奶"
"harvestcraft:turnipsoupitem:0","大头菜汤"
"harvestcraft:roastedrootveggiemedleyitem:0","蔬菜拼盘"
"harvestcraft:bakedturnipsitem:0","烤大头菜"
"harvestcraft:gingerbreaditem:0","姜料面包"
"harvestcraft:gingersnapsitem:0","姜饼"
"harvestcraft:candiedgingeritem:0","蜜汁姜片"
"harvestcraft:mustarditem:0","芥末"
"harvestcraft:softpretzelandmustarditem:0","芥末软椒盐脆饼"
"harvestcraft:spicymustardporkitem:0","辣芥末猪排"
"harvestcraft:spicygreensitem:0","辣味炖菜"
"harvestcraft:garlicbreaditem:0","大蒜面包"
"harvestcraft:garlicmashedpotatoesitem:0","大蒜马铃薯泥"
"harvestcraft:garlicchickenitem:0","蒜味鸡"
"harvestcraft:summerradishsaladitem:0","水萝卜色拉"
"harvestcraft:summersquashwithradishitem:0","西葫芦炒萝卜"
"harvestcraft:celeryandpeanutbutteritem:0","花生酱芹菜"
"harvestcraft:chickencelerycasseroleitem:0","芹菜鸡肉砂锅"
"harvestcraft:peasandceleryitem:0","芹菜豌豆"
"harvestcraft:celerysoupitem:0","芹菜汤"
"harvestcraft:zucchinibreaditem:0","西葫芦面包"
"harvestcraft:zucchinifriesitem:0","炸西葫芦条"
"harvestcraft:zestyzucchiniitem:0","增兴西葫芦"
"harvestcraft:zucchinibakeitem:0","西葫芦烤包"
"harvestcraft:asparagusquicheitem:0","芦笋乳蛋饼"
"harvestcraft:asparagussoupitem:0","芦笋汤"
"harvestcraft:walnutraisinbreaditem:0","胡桃葡萄干面包"
"harvestcraft:candiedwalnutsitem:0","蜜汁核桃"
"harvestcraft:brownieitem:0","核仁巧克力饼"
"harvestcraft:papayasmoothieitem:0","木瓜冰沙"
"harvestcraft:papayayogurtitem:0","木瓜酸奶"
"harvestcraft:starfruitsmoothieitem:0","杨桃冰沙"
"harvestcraft:starfruityogurtitem:0","杨桃酸奶"
"harvestcraft:guacamoleitem:0","鳄梨色拉酱"
"harvestcraft:creamofavocadosoupitem:0","鳄梨奶油汤"
"harvestcraft:avocadoburritoitem:0","鳄梨玉米煎饼"
"harvestcraft:poachedpearitem:0","水煮梨"
"harvestcraft:fruitcrumbleitem:0","水果松脆饼"
"harvestcraft:pearyogurtitem:0","梨子酸奶"
"harvestcraft:plumyogurtitem:0","李子酸奶"
"harvestcraft:bananasplititem:0","香蕉圣代"
"harvestcraft:banananutbreaditem:0","香蕉坚果面包"
"harvestcraft:bananasmoothieitem:0","香蕉冰沙"
"harvestcraft:bananayogurtitem:0","香蕉酸奶"
"harvestcraft:coconutmilkitem:0","椰奶"
"harvestcraft:chickencurryitem:0","鸡肉咖喱"
"harvestcraft:coconutshrimpitem:0","椰子对虾"
"harvestcraft:coconutyogurtitem:0","椰子酸奶"
"harvestcraft:orangechickenitem:0","橙子鸡肉"
"harvestcraft:orangesmoothieitem:0","橙子冰沙"
"harvestcraft:orangeyogurtitem:0","橙子酸奶"
"harvestcraft:peachcobbleritem:0","桃子馅饼"
"harvestcraft:peachsmoothieitem:0","桃子冰沙"
"harvestcraft:peachyogurtitem:0","桃子酸奶"
"harvestcraft:keylimepieitem:0","酸橙派"
"harvestcraft:limesmoothieitem:0","酸橙冰沙"
"harvestcraft:limeyogurtitem:0","酸橙酸奶"
"harvestcraft:mangosmoothieitem:0","芒果冰沙"
"harvestcraft:mangoyogurtitem:0","芒果酸奶"
"harvestcraft:pomegranatesmoothieitem:0","石榴冰沙"
"harvestcraft:pomegranateyogurtitem:0","石榴酸奶"
"harvestcraft:vanillayogurtitem:0","香草酸奶"
"harvestcraft:cinnamonrollitem:0","肉桂卷"
"harvestcraft:frenchtoastitem:0","法式吐司"
"harvestcraft:marshmellowsitem:0","棉花糖"
"harvestcraft:donutitem:0","炸面圈"
"harvestcraft:chocolatedonutitem:0","巧克力甜甜圈"
"harvestcraft:powdereddonutitem:0","砂糖甜甜圈"
"harvestcraft:jellydonutitem:0","果酱甜甜圈"
"harvestcraft:frosteddonutitem:0","彩糖甜甜圈"
"harvestcraft:cactussoupitem:0","仙人掌汤"
"harvestcraft:wafflesitem:0","华夫饼"
"harvestcraft:seedsoupitem:0","种子汤"
"harvestcraft:softpretzelitem:0","椒盐脆饼"
"harvestcraft:jellybeansitem:0","糖果豆"
"harvestcraft:biscuititem:0","饼干"
"harvestcraft:creamcookieitem:0","奶油夹心饼干"
"harvestcraft:jaffaitem:0","佳发饼干"
"harvestcraft:friedchickenitem:0","炸鸡"
"harvestcraft:footlongitem:0","法棍面包"
"harvestcraft:blueberryyogurtitem:0","蓝莓酸奶"
"harvestcraft:lemonyogurtitem:0","柠檬酸奶"
"harvestcraft:cherryyogurtitem:0","樱桃酸奶"
"harvestcraft:strawberryyogurtitem:0","草莓酸奶"
"harvestcraft:grapeyogurtitem:0","葡萄酸奶"
"harvestcraft:chocolateyogurtitem:0","巧克力酸奶"
"harvestcraft:blackberrycobbleritem:0","黑莓馅饼"
"harvestcraft:blackberrysmoothieitem:0","黑莓冰沙"
"harvestcraft:blackberryyogurtitem:0","黑莓酸奶"
"harvestcraft:chocolatemilkitem:0","巧克力牛奶"
"harvestcraft:pumpkinyogurtitem:0","南瓜酸奶"
"harvestcraft:raspberrypieitem:0","树莓派"
"harvestcraft:raspberrysmoothieitem:0","树莓冰沙"
"harvestcraft:raspberryyogurtitem:0","树莓酸奶"
"harvestcraft:cinnamonsugardonutitem:0","肉桂糖甜甜圈"
"harvestcraft:melonyogurtitem:0","西瓜酸奶"
"harvestcraft:kiwismoothieitem:0","猕猴桃冰沙"
"harvestcraft:kiwiyogurtitem:0","猕猴桃酸奶"
"harvestcraft:plainyogurtitem:0","原味酸奶"
"harvestcraft:appleyogurtitem:0","苹果酸奶"
"harvestcraft:saltedsunflowerseedsitem:0","盐渍葵花籽"
"harvestcraft:sunflowerwheatrollsitem:0","向日葵小麦面饼卷"
"harvestcraft:sunflowerbroccolisaladitem:0","向日葵西兰花色拉"
"harvestcraft:cranberrysauceitem:0","蔓越莓酱"
"harvestcraft:cranberrybaritem:0","蔓越莓棒"
"harvestcraft:peppermintitem:0","薄荷糖"
"harvestcraft:blackpepperitem:0","黑胡椒"
"harvestcraft:groundcinnamonitem:0","肉桂粉"
"harvestcraft:groundnutmegitem:0","豆蔻粉"
"harvestcraft:oliveoilitem:0","食用油"
"harvestcraft:baklavaitem:0","果仁蜜饼"
"harvestcraft:gummybearsitem:0","小熊软糖"
"harvestcraft:fruitpunchitem:0","混合果汁"
"harvestcraft:meatystewitem:0","炖肉浓汤"
"harvestcraft:mixedsaladitem:0","混合色拉"
"harvestcraft:pinacoladaitem:0","冰镇果汁朗姆酒"
"harvestcraft:saladdressingitem:0","色拉酱调料"
"harvestcraft:shepardspieitem:0","马铃薯肉饼"
"harvestcraft:eggnogitem:0","蛋酒"
"harvestcraft:custarditem:0","奶油蛋羹"
"harvestcraft:sushiitem:0","寿司"
"harvestcraft:gardensoupitem:0","鲜疏汤"
"harvestcraft:applejellyitem:0","苹果果酱"
"harvestcraft:applejellysandwichitem:0","苹果果酱三明治"
"harvestcraft:blackberryjellyitem:0","黑莓果酱"
"harvestcraft:blackberryjellysandwichitem:0","黑莓果酱三明治"
"harvestcraft:blueberryjellyitem:0","蓝莓果酱"
"harvestcraft:blueberryjellysandwichitem:0","蓝莓果酱三明治"
"harvestcraft:cherryjellyitem:0","樱桃果酱"
"harvestcraft:cherryjellysandwichitem:0","樱桃果酱三明治"
"harvestcraft:cranberryjellyitem:0","蔓越莓酱"
"harvestcraft:cranberryjellysandwichitem:0","蔓越莓果冻三明治"
"harvestcraft:kiwijellyitem:0","猕猴桃果酱"
"harvestcraft:kiwijellysandwichitem:0","猕猴桃果酱三明治"
"harvestcraft:lemonjellyitem:0","柠檬果酱"
"harvestcraft:lemonjellysandwichitem:0","柠檬果酱三明治"
"harvestcraft:limejellyitem:0","酸橙果酱"
"harvestcraft:limejellysandwichitem:0","酸橙果酱三明治"
"harvestcraft:mangojellyitem:0","芒果果酱"
"harvestcraft:mangojellysandwichitem:0","芒果果酱三明治"
"harvestcraft:orangejellyitem:0","橙子果酱"
"harvestcraft:orangejellysandwichitem:0","橙子果酱三明治"
"harvestcraft:papayajellyitem:0","木瓜果酱"
"harvestcraft:papayajellysandwichitem:0","木瓜果酱三明治"
"harvestcraft:peachjellyitem:0","桃子果酱"
"harvestcraft:peachjellysandwichitem:0","桃子果酱三明治"
"harvestcraft:pomegranatejellyitem:0","石榴果酱"
"harvestcraft:pomegranatejellysandwichitem:0","石榴果酱三明治"
"harvestcraft:raspberryjellyitem:0","树莓果酱"
"harvestcraft:raspberryjellysandwichitem:0","树莓果酱三明治"
"harvestcraft:starfruitjellyitem:0","杨桃果酱"
"harvestcraft:starfruitjellysandwichitem:0","杨桃果酱三明治"
"harvestcraft:strawberryjellyitem:0","草莓果酱"
"harvestcraft:strawberryjellysandwichitem:0","草莓果酱三明治"
"harvestcraft:watermelonjellyitem:0","西瓜果酱"
"harvestcraft:watermelonjellysandwichitem:0","西瓜果酱三明治"
"harvestcraft:bubblywateritem:0","气泡水"
"harvestcraft:cherrysodaitem:0","樱桃苏打"
"harvestcraft:colasodaitem:0","可乐苏打"
"harvestcraft:gingersodaitem:0","姜啤酒"
"harvestcraft:grapesodaitem:0","葡萄苏打"
"harvestcraft:lemonlimesodaitem:0","柠檬-酸橙苏打"
"harvestcraft:orangesodaitem:0","橙子苏打"
"harvestcraft:rootbeersodaitem:0","沙士"
"harvestcraft:strawberrysodaitem:0","草莓苏打"
"harvestcraft:caramelicecreamitem:0","焦糖冰淇淋"
"harvestcraft:mintchocolatechipicecreamitem:0","薄荷巧克力冰淇淋"
"harvestcraft:strawberryicecreamitem:0","草莓冰淇淋"
"harvestcraft:vanillaicecreamitem:0","香草冰淇淋"
"harvestcraft:gingerchickenitem:0","姜汁鸡肉"
"harvestcraft:oldworldveggiesoupitem:0","旧世界蔬菜汤"
"harvestcraft:spicebunitem:0","香料圆面包"
"harvestcraft:gingeredrhubarbtartitem:0","姜味大黄果馅"
"harvestcraft:lambbarleysoupitem:0","羊羔大麦汤"
"harvestcraft:honeylemonlambitem:0","蜜汁柠檬羔羊肉"
"harvestcraft:pumpkinoatsconesitem:0","南瓜燕麦馅饼"
"harvestcraft:beefjerkyitem:0","牛肉干"
"harvestcraft:ovenroastedcaulifloweritem:0","烘烤花椰菜"
"harvestcraft:leekbaconsoupitem:0","韭葱培根汤"
"harvestcraft:herbbutterparsnipsitem:0","香草黄油防风草"
"harvestcraft:scallionbakedpotatoitem:0","青葱烤马铃薯"
"harvestcraft:soymilkitem:0","豆浆"
"harvestcraft:firmtofuitem:0","结实豆腐"
"harvestcraft:silkentofuitem:0","柔软豆腐"
"harvestcraft:bamboosteamedriceitem:0","竹米饭"
"harvestcraft:roastedchestnutitem:0","烤板栗"
"harvestcraft:sweetpotatosouffleitem:0","红薯派"
"harvestcraft:cashewchickenitem:0","腰果鸡"
"harvestcraft:apricotyogurtitem:0","杏桃酸奶"
"harvestcraft:apricotglazedporkitem:0","杏汁猪排"
"harvestcraft:apricotjellyitem:0","杏桃果酱"
"harvestcraft:apricotjellysandwichitem:0","杏桃果酱三明治"
"harvestcraft:apricotsmoothieitem:0","杏桃冰沙"
"harvestcraft:figbaritem:0","无花果馅饼"
"harvestcraft:figjellyitem:0","无花果酱"
"harvestcraft:figjellysandwichitem:0","无花果三明治"
"harvestcraft:figsmoothieitem:0","无花果果汁"
"harvestcraft:figyogurtitem:0","无花果酸奶"
"harvestcraft:grapefruitjellyitem:0","葡萄柚果酱"
"harvestcraft:grapefruitjellysandwichitem:0","葡萄柚果酱三明治"
"harvestcraft:grapefruitsmoothieitem:0","葡萄柚冰沙"
"harvestcraft:grapefruityogurtitem:0","柚子酸奶"
"harvestcraft:grapefruitsodaitem:0","柚子汽水"
"harvestcraft:citrussaladitem:0","橘味沙拉"
"harvestcraft:pecanpieitem:0","核桃派"
"harvestcraft:pralinesitem:0","果仁糖"
"harvestcraft:persimmonyogurtitem:0","柿子酸奶"
"harvestcraft:persimmonsmoothieitem:0","柿子果汁"
"harvestcraft:persimmonjellyitem:0","柿子果酱"
"harvestcraft:persimmonjellysandwichitem:0","柿子果酱三明治"
"harvestcraft:pistachiobakedsalmonitem:0","开心果烤三文鱼"
"harvestcraft:baconwrappeddatesitem:0","培根甜枣"
"harvestcraft:datenutbreaditem:0","椰枣坚果面包"
"harvestcraft:maplesyruppancakesitem:0","枫糖煎饼"
"harvestcraft:maplesyrupwafflesitem:0","枫糖松饼"
"harvestcraft:maplesausageitem:0","枫糖香肠"
"harvestcraft:mapleoatmealitem:0","枫糖燕麦片"
"harvestcraft:peachesandcreamoatmealitem:0","水蜜桃奶油燕麦片"
"harvestcraft:cinnamonappleoatmealitem:0","肉桂苹果燕麦片"
"harvestcraft:maplecandiedbaconitem:0","枫糖培根"
"harvestcraft:toastsandwichitem:0","烤三明治"
"harvestcraft:potatoandcheesepirogiitem:0","土豆奶酪馅饼"
"harvestcraft:zeppoleitem:0","炸面饼圈"
"harvestcraft:sausageinbreaditem:0","香肠面包"
"harvestcraft:chocolatecaramelfudgeitem:0","巧克力牛奶软糖"
"harvestcraft:lavendershortbreaditem:0","薰衣草饼干"
"harvestcraft:beefwellingtonitem:0","威灵顿牛排"
"harvestcraft:epicbaconitem:0","史诗熏猪肉"
"harvestcraft:manjuuitem:0","豆沙包"
"harvestcraft:chickengumboitem:0","秋葵烩鸡"
"harvestcraft:generaltsochickenitem:0","左宗棠鸡"
"harvestcraft:californiarollitem:0","加州卷"
"harvestcraft:futomakiitem:0","大卷寿司"
"harvestcraft:vegemiteitem:0","维吉米特黑酱"
"harvestcraft:honeycombchocolatebaritem:0","蜂窝巧克力"
"harvestcraft:cherrycoconutchocolatebaritem:0","樱桃椰子巧克力"
"harvestcraft:fairybreaditem:0","仙女面包"
"harvestcraft:timtamitem:0","巧克力饼干"
"harvestcraft:damperitem:0","丹波面包"
"harvestcraft:gherkinitem:0","醋香黄瓜"
"harvestcraft:ceasarsaladitem:0","凯撒沙拉"
"harvestcraft:chaoscookieitem:0","卡俄斯曲奇饼"
"harvestcraft:chocolatebaconitem:0","巧克力培根"
"harvestcraft:lambkebabitem:0","羊肉串"
"harvestcraft:nutellaitem:0","巧克力酱"
"harvestcraft:snickersbaritem:0","士力架巧克力条"
"harvestcraft:steamedspinachitem:0","蒸熟的菠菜"
"harvestcraft:vegemiteontoastitem:0","维吉米特黑酱土司"
"harvestcraft:clamcookeditem:0","熟蛤蜊"
"harvestcraft:crabcookeditem:0","熟螃蟹"
"harvestcraft:crayfishcookeditem:0","熟龙虾"
"harvestcraft:frogcookeditem:0","烤过的蛙腿"
"harvestcraft:octopuscookeditem:0","熟章鱼"
"harvestcraft:scallopcookeditem:0","熟扇贝"
"harvestcraft:shrimpcookeditem:0","熟虾"
"harvestcraft:snailcookeditem:0","熟蜗牛"
"harvestcraft:turtlecookeditem:0","熟乌龟"
"harvestcraft:oystercookeditem:0","熟蚝"
"harvestcraft:applecideritem:0","苹果酒"
"harvestcraft:bangersandmashitem:0","香肠土豆泥"
"harvestcraft:batteredsausageitem:0","炸香肠"
"harvestcraft:batteritem:0","面糊"
"harvestcraft:chorizoitem:0","西班牙香肠"
"harvestcraft:coleslawitem:0","凉拌卷心菜"
"harvestcraft:energydrinkitem:0","能量饮料"
"harvestcraft:friedonionsitem:0","油炸洋葱"
"harvestcraft:mincepieitem:0","甜果派"
"harvestcraft:onionhamburgeritem:0","洋葱汉堡"
"harvestcraft:pepperoniitem:0","意大利香肠"
"harvestcraft:pickledonionsitem:0","腌洋葱"
"harvestcraft:porksausageitem:0","猪肉香肠"
"harvestcraft:raspberrytrifleitem:0","树莓蛋奶层叠蛋糕"
"harvestcraft:pumpkinmuffinitem:0","南瓜松糕"
"harvestcraft:suaderoitem:0","嫩炸牛肉"
"harvestcraft:turkeyrawitem:0","生火鸡肉"
"harvestcraft:turkeycookeditem:0","熟火鸡肉"
"harvestcraft:venisonrawitem:0","生鹿肉"
"harvestcraft:venisoncookeditem:0","熟鹿肉"
"harvestcraft:strawberrymilkshakeitem:0","草莓奶昔"
"harvestcraft:chocolatemilkshakeitem:0","巧克力奶昔"
"harvestcraft:bananamilkshakeitem:0","香蕉奶昔"
"harvestcraft:cornflakesitem:0","玉米片"
"harvestcraft:roastchickenitem:0","烤鸡"
"harvestcraft:roastpotatoesitem:0","烤土豆"
"harvestcraft:sundayroastitem:0","烤肉"
"harvestcraft:bbqpulledporkitem:0","烧烤猪肉"
"harvestcraft:lambwithmintsauceitem:0","薄荷酱羊肉"
"harvestcraft:steakandchipsitem:0","牛排和薯条"
"harvestcraft:cherryicecreamitem:0","樱桃冰淇淋"
"harvestcraft:pistachioicecreamitem:0","开心果冰淇淋"
"harvestcraft:neapolitanicecreamitem:0","三色冰淇淋"
"harvestcraft:spumoniicecreamitem:0","千层冰淇淋"
"harvestcraft:almondbutteritem:0","杏仁酱"
"harvestcraft:cashewbutteritem:0","腰果酱"
"harvestcraft:chestnutbutteritem:0","板栗酱"
"harvestcraft:cornishpastyitem:0","康沃尔菜肉馅饼"
"harvestcraft:cottagepieitem:0","农舍派"
"harvestcraft:croissantitem:0","羊角面包"
"harvestcraft:currypowderitem:0","咖哩粉"
"harvestcraft:dimsumitem:0","小笼包"
"harvestcraft:friedpecanokraitem:0","山核桃炒秋葵"
"harvestcraft:gooseberryjellyitem:0","醋栗果酱"
"harvestcraft:gooseberryjellysandwichitem:0","醋栗果酱三明治"
"harvestcraft:gooseberrymilkshakeitem:0","醋栗奶昔"
"harvestcraft:gooseberrypieitem:0","醋栗馅饼"
"harvestcraft:gooseberrysmoothieitem:0","醋栗冰沙"
"harvestcraft:gooseberryyogurtitem:0","醋栗酸奶"
"harvestcraft:hushpuppiesitem:0","黄金玉米球"
"harvestcraft:kimchiitem:0","泡菜"
"harvestcraft:mochiitem:0","麻薯"
"harvestcraft:museliitem:0","杂锦果麦"
"harvestcraft:naanitem:0","印度摊饼"
"harvestcraft:okrachipsitem:0","盐烤秋葵"
"harvestcraft:okracreoleitem:0","克里奥尔"
"harvestcraft:pistachiobutteritem:0","开心果奶油"
"harvestcraft:porklomeinitem:0","肉捞面"
"harvestcraft:salmonpattiesitem:0","三文鱼饼"
"harvestcraft:sausageitem:0","香肠"
"harvestcraft:sausagerollitem:0","香肠卷"
"harvestcraft:sesameballitem:0","芝麻球"
"harvestcraft:sesamesnapsitem:0","芝麻糖"
"harvestcraft:shrimpokrahushpuppiesitem:0","虾肉秋葵组合"
"harvestcraft:soysauceitem:0","酱油"
"harvestcraft:sweetpickleitem:0","糖醋渍菜"
"harvestcraft:veggiestripsitem:0","蔬菜条"
"harvestcraft:vindalooitem:0","印度咖喱肉"
"harvestcraft:applesmoothieitem:0","苹果汁冰沙"
"harvestcraft:coconutsmoothieitem:0","椰子奶昔"
"harvestcraft:cranberrysmoothieitem:0","蔓越莓冰沙"
"harvestcraft:cranberryyogurtitem:0","蔓越莓酸奶"
"harvestcraft:grapesmoothieitem:0","葡萄冰沙"
"harvestcraft:pearsmoothieitem:0","梨冰沙"
"harvestcraft:pearjellyitem:0","秋梨琵琶冻"
"harvestcraft:pearjellysandwichitem:0","秋梨琵琶冻三明治"
"harvestcraft:plumsmoothieitem:0","鲜梅冰沙"
"harvestcraft:plumjellyitem:0","鲜梅果冻"
"harvestcraft:plumjellysandwichitem:0","鲜梅果冻三明治"
"harvestcraft:honeysandwichitem:0","蜂蜜三明治"
"harvestcraft:cheeseontoastitem:0","干酪土司"
"harvestcraft:tunapotatoitem:0","金枪鱼土豆"
"harvestcraft:chocolaterollitem:0","巧克力卷"
"harvestcraft:jamrollitem:0","卷筒尖布甸"
"harvestcraft:coconutcreamitem:0","椰奶"
"harvestcraft:crackeritem:0","薄脆饼干"
"harvestcraft:garammasalaitem:0","咖喱粉"
"harvestcraft:paneeritem:0","印度奶酪"
"harvestcraft:gravyitem:0","肉汤"
"harvestcraft:mangochutneyitem:0","芒果酸辣酱"
"harvestcraft:marzipanitem:0","杏仁糖"
"harvestcraft:paneertikkamasalaitem:0","印度奶酪玛莎拉"
"harvestcraft:peaandhamsoupitem:0","豌豆火腿汤"
"harvestcraft:potatoandleeksoupitem:0","大葱土豆汤"
"harvestcraft:yorkshirepuddingitem:0","约克郡布丁"
"harvestcraft:sesameoilitem:0","香油"
"harvestcraft:noodlesitem:0","面条"
"harvestcraft:chickenchowmeinitem:0","鸡球炒面"
"harvestcraft:kungpaochickenitem:0","宫保鸡丁"
"harvestcraft:hoisinsauceitem:0","海鲜沙司"
"harvestcraft:fivespiceitem:0","五香"
"harvestcraft:charsiuitem:0","叉烧"
"harvestcraft:sweetandsoursauceitem:0","糖醋汁"
"harvestcraft:sweetandsourchickenitem:0","甜酸鸡"
"harvestcraft:baconandeggsitem:0","培根肉加荷包蛋"
"harvestcraft:biscuitsandgravyitem:0","肉汁饼干"
"harvestcraft:applefritteritem:0","炸苹果饼"
"harvestcraft:sweetteaitem:0","甜茶"
"harvestcraft:creepercookieitem:0","苦力怕饼干"
"harvestcraft:honeybreaditem:0","蜂蜜面包"
"harvestcraft:honeybunitem:0","蜂蜜包"
"harvestcraft:honeyglazedcarrotsitem:0","蜜汁胡萝卜"
"harvestcraft:honeyglazedhamitem:0","蜜汁火腿"
"harvestcraft:honeysoyribsitem:0","蜜汁排骨"
"harvestcraft:chocovoxelsitem:0","巧克力素谷汤"
"harvestcraft:cinnamontoastitem:0","肉桂吐司"
"harvestcraft:cornedbeefitem:0","腌牛肉"
"harvestcraft:cottoncandyitem:0","棉花糖"
"harvestcraft:crackersitem:0","咸脆饼干"
"harvestcraft:creeperwingsitem:0","苦力怕烤翅"
"harvestcraft:dhalitem:0","印式豌豆汤"
"harvestcraft:durianmilkshakeitem:0","榴莲奶昔"
"harvestcraft:durianmuffinitem:0","榴莲松饼"
"harvestcraft:hotsauceitem:0","辣椒酱"
"harvestcraft:hummusitem:0","鹰嘴豆泥"
"harvestcraft:ironbrewitem:0","拿铁"
"harvestcraft:lasagnaitem:0","千层面"
"harvestcraft:lemondrizzlecakeitem:0","柠檬细雨蛋糕"
"harvestcraft:meatloafitem:0","烘肉卷"
"harvestcraft:mushroomlasagnaitem:0","蘑菇千层面"
"harvestcraft:musselcookeditem:0","煮贻贝"
"harvestcraft:netherwingsitem:0","下界烤翅"
"harvestcraft:pizzasoupitem:0","披萨汤"
"harvestcraft:poutineitem:0","肉汁乳酪薯条"
"harvestcraft:salsaitem:0","萨尔萨辣酱"
"harvestcraft:sardinesinhotsauceitem:0","辣酱沙丁鱼"
"harvestcraft:teriyakichickenitem:0","照烧鸡"
"harvestcraft:turkishdelightitem:0","土耳其软糖"
"harvestcraft:greeneggsandhamitem:0","皮蛋火腿"
"harvestcraft:theatreboxitem:0","影院套餐"
"harvestcraft:cookiesandmilkitem:0","饼干牛奶套餐"
"harvestcraft:crackersandcheeseitem:0","奶酪烤饼干"
"harvestcraft:chickendinneritem:0","鸡肉晚餐"
"harvestcraft:corndogitem:0","玉米热狗"
"harvestcraft:hamandcheesesandwichitem:0","火腿奶酪三明治"
"harvestcraft:tunasaladitem:0","金枪鱼沙拉"
"harvestcraft:gritsitem:0","粗燕麦粉"
"harvestcraft:buttercookieitem:0","黄油曲奇"
"harvestcraft:sugarcookieitem:0","糖曲奇"
"harvestcraft:potatochipsitem:0","薯片"
"harvestcraft:bbqpotatochipsitem:0","烧烤薯片"
"harvestcraft:sourcreamandonionpotatochipsitem:0","酸奶油洋葱薯片"
"harvestcraft:cheddarandsourcreampotatochipsitem:0","切达酸奶油薯片"
"harvestcraft:tortillachipsitem:0","墨西哥玉米卷"
"harvestcraft:chipsanddipitem:0","蘸酱薯片"
"harvestcraft:cheezepuffsitem:0","起司泡芙"
"harvestcraft:surfandturfitem:0","海陆大餐"
"harvestcraft:liverandonionsitem:0","洋葱鱼蔬烩"
"harvestcraft:fortunecookieitem:0","幸运曲奇"
"harvestcraft:deviledeggitem:0","魔鬼蛋"
"harvestcraft:mozzerellasticksitem:0","马苏里拉棍"
"harvestcraft:succotashitem:0","豆煮玉米"
"harvestcraft:friedgreentomatoesitem:0","油炸绿番茄"
"harvestcraft:potatoesobrienitem:0","土豆奥布莱恩"
"harvestcraft:tatertotsitem:0","炸土豆泥"
"harvestcraft:smoresitem:0","巧克力夹心饼干"
"harvestcraft:steakfajitaitem:0","牛排鸡肉卷"
"harvestcraft:ramenitem:0","拉面"
"harvestcraft:misosoupitem:0","味噌汤"
"harvestcraft:onigiriitem:0","饭团"
"harvestcraft:grilledcheesevegemitetoastitem:0","烤奶酪味面包"
"harvestcraft:monsterfrieddumplingsitem:0","怪物煎饺"
"harvestcraft:crispyricepuffcerealitem:0","脆米酥麦片"
"harvestcraft:crispyricepuffbarsitem:0","脆米酥条"
"harvestcraft:babaganoushitem:0","茄子酱"
"harvestcraft:berryvinaigrettesaladitem:0","浆果香醋沙拉"
"harvestcraft:tomatoherbchickenitem:0","番茄香草鸡"
"harvestcraft:pastagardeniaitem:0","栀子意大利面"
"harvestcraft:fiestacornsaladitem:0","假日玉米沙拉"
"harvestcraft:threebeansaladitem:0","三豆沙拉"
"harvestcraft:sweetandsourmeatballsitem:0","糖醋肉丸"
"harvestcraft:pepperjellyitem:0","胡椒果冻"
"harvestcraft:pepperjellyandcrackersitem:0","胡椒果冻饼干"
"harvestcraft:saltedcaramelitem:0","咸焦糖"
"harvestcraft:spidereyepieitem:0","蜘蛛眼派"
"harvestcraft:cheesyshrimpquinoaitem:0","干酪虾藜麦"
"harvestcraft:bulgogiitem:0","韩式烤肉"
"harvestcraft:omuriceitem:0","蛋包饭"
"harvestcraft:pemmicanitem:0","干肉饼"
"harvestcraft:driedsoupitem:0","汤粉"
"harvestcraft:crabkimbapitem:0","蟹肉紫菜包饭"
"harvestcraft:froglegstirfryitem:0","炒青蛙腿"
"harvestcraft:haggisitem:0","肉馅羊肚"
"harvestcraft:chickenkatsuitem:0","鸡扒饭"
"harvestcraft:chocolateorangeitem:0","橘子巧克力"
"harvestcraft:festivalbreaditem:0","假日面包"
"harvestcraft:fruitcreamfestivalbreaditem:0","水果奶油假日面包"
"harvestcraft:phoitem:0","越南河粉"
"harvestcraft:bubbleteaitem:0","珍珠奶茶"
"harvestcraft:duckrawitem:0","生鸭肉"
"harvestcraft:duckcookeditem:0","熟鸭肉"
"harvestcraft:wontonsoupitem:0","馄饨汤"
"harvestcraft:springrollitem:0","春卷"
"harvestcraft:meatystirfryitem:0","鱼香肉丝"
"harvestcraft:potstickersitem:0","锅贴"
"harvestcraft:orangeduckitem:0","橘汁鸭肉"
"harvestcraft:pekingduckitem:0","北京烤鸭"
"harvestcraft:stuffedduckitem:0","卤鸭"
"harvestcraft:rouxitem:0","乳酪面粉糊"
"harvestcraft:candiedpecansitem:0","蜜饯山核桃"
"harvestcraft:stuffingitem:0","馅"
"harvestcraft:greenbeancasseroleitem:0","绿豆砂锅"
"harvestcraft:hamandpineapplepizzaitem:0","火腿菠萝披萨"
"harvestcraft:cobblestonecobbleritem:0","酥皮水果馅饼"
"harvestcraft:crayfishsaladitem:0","龙虾沙拉"
"harvestcraft:cevicheitem:0","酸橘汁腌鱼"
"harvestcraft:bakedcactusitem:0","烤仙人掌"
"harvestcraft:garlicsteakitem:0","蒜蓉牛排"
"harvestcraft:mushroomsteakitem:0","蘑菇酱牛排"
"harvestcraft:hotdishcasseroleitem:0","热菜砂锅"
"harvestcraft:sausagebeanmeltitem:0","脆香黄金肠"
"harvestcraft:mettbrotchenitem:0","肉末洋葱面包"
"harvestcraft:porkrindsitem:0","猪肉剥"
"harvestcraft:cracklinsitem:0","猪油渣"
"harvestcraft:chorusfruitsoupitem:0","紫颂果汤"
"harvestcraft:akutuqitem:0","爱斯基摩冰淇淋"
"harvestcraft:cantonesegreensitem:0","广式炒菜心"
"harvestcraft:earlgreyteaitem:0","格雷伯爵茶"
"harvestcraft:eggrollitem:0","蛋卷"
"harvestcraft:eggtartitem:0","蛋挞"
"harvestcraft:greenteaitem:0","绿茶"
"harvestcraft:meesuaitem:0","潮汕咸面线"
"harvestcraft:oystersauceitem:0","蚝油"
"harvestcraft:squidinkspaghettiitem:0","墨鱼汁意面"
"harvestcraft:steaktartareitem:0","鞑靼牛肉"
"harvestcraft:szechuaneggplantitem:0","川味烧茄"
"harvestcraft:baconpancakesitem:0","培根煎饼"
"harvestcraft:blackpaellaitem:0","墨鱼汁海鲜饭"
"harvestcraft:blazingsoupitem:0","烈焰汤"
"harvestcraft:briochebunitem:0","奶油面包"
"harvestcraft:chickenpaellaitem:0","鸡肉海鲜饭"
"harvestcraft:escargotitem:0","法式蜗牛"
"harvestcraft:gourmetbeefpattyitem:0","美味牛肉馅饼"
"harvestcraft:gourmetmuttonpattyitem:0","美食羊肉馅饼"
"harvestcraft:gourmetporkpattyitem:0","美味猪肉馅饼"
"harvestcraft:gourmetvenisonpattyitem:0","美味鹿肉馅饼"
"harvestcraft:guisoitem:0","古巴炖肉"
"harvestcraft:jelliedeelitem:0","豆腐鳗鱼"
"harvestcraft:kalechipsitem:0","甘蓝薯片"
"harvestcraft:padthaiitem:0","泰式炒河粉"
"harvestcraft:peanutbutterbananasandwichitem:0","花生酱和香蕉三明治"
"harvestcraft:peanutbuttercupitem:0","花生酱杯"
"harvestcraft:pinkelitem:0","火腿肠"
"harvestcraft:pitepaltitem:0","瑞典大肉弹"
"harvestcraft:sauerbratenitem:0","醋焖牛肉"
"harvestcraft:slimepieitem:0","史莱姆馅饼"
"harvestcraft:strawberryrhubarbpieitem:0","草莓大黄馅饼"
"harvestcraft:tiropitaitem:0","希腊饼"
"harvestcraft:rosepetalteaitem:0","玫瑰花瓣茶"
"harvestcraft:potatoskinsitem:0","薯皮烤肉"
"harvestcraft:chilidonutitem:0","辣椒甜甜圈"
"harvestcraft:bbqsauceitem:0","烧烤酱"
"harvestcraft:vanillacupcakeitem:0","香草杯蛋糕"
"harvestcraft:chocolatecupcakeitem:0","巧克力杯蛋糕"
"harvestcraft:carrotcupcakeitem:0","胡萝卜杯蛋糕"
"harvestcraft:redvelvetcupcakeitem:0","红丝绒杯蛋糕"
"harvestcraft:chilicupcakeitem:0","辣椒杯蛋糕"
"harvestcraft:peanutbuttercupcakeitem:0","花生酱杯蛋糕"
"harvestcraft:lemoncupcakeitem:0","柠檬杯蛋糕"
"harvestcraft:strawberrycupcakeitem:0","草莓杯蛋糕"
"harvestcraft:mintcupcakeitem:0","薄荷杯蛋糕"
"harvestcraft:coffeecupcakeitem:0","咖啡杯蛋糕"
"harvestcraft:sprinklescupcakeitem:0","撒上蛋糕"
"harvestcraft:caramelcupcakeitem:0","焦糖蛋糕"
"harvestcraft:cherryslushieitem:0","樱桃浆"
"harvestcraft:pambitsboxitem:0","Pam位盒"
"harvestcraft:stuffedchilipeppersitem:0","瓤辣椒"
"harvestcraft:slimegummiesitem:0","史莱姆软糖"
"harvestcraft:chocolatepuddingitem:0","巧克力布丁"
"harvestcraft:bbqchickenpizzaitem:0","烧烤鸡肉比萨"
"harvestcraft:quesadillaitem:0","油炸玉米饼"
"harvestcraft:bibimbapitem:0","石锅拌饭"
"harvestcraft:shrimpcocktailitem:0","鲜虾盅"
"harvestcraft:nopalessaladitem:0","诺帕莱斯沙拉"
"harvestcraft:meringueitem:0","蛋白甜饼"
"harvestcraft:applesnowitem:0","苹果霜"
"harvestcraft:bakedalaskaitem:0","烤阿拉斯加"
"harvestcraft:berrymeringuenestitem:0","浆果蛋白巢"
"harvestcraft:etonmessitem:0","伊顿麦斯甜点"
"harvestcraft:meringuebombeitem:0","水果甜点"
"harvestcraft:meringuebrownieitem:0","水果果仁巧克力蛋糕"
"harvestcraft:meringuecookieitem:0","蛋白酥皮饼干"
"harvestcraft:meringuerouladeitem:0","酥皮肉卷"
"harvestcraft:merveilleuxitem:0","奇异高级里子缎"
"harvestcraft:groundbeefitem:0","牛肉馅"
"harvestcraft:groundchickenitem:0","鸡肉馅"
"harvestcraft:groundduckitem:0","鸭肉馅"
"harvestcraft:groundfishitem:0","鱼肉馅"
"harvestcraft:groundmuttonitem:0","羊肉馅"
"harvestcraft:groundporkitem:0","猪肉馅"
"harvestcraft:groundrabbititem:0","兔肉馅"
"harvestcraft:groundturkeyitem:0","火鸡肉馅"
"harvestcraft:groundvenisonitem:0","鹿肉馅"
"harvestcraft:rawtofeakitem:0","生的豆腐牛排"
"harvestcraft:rawtofaconitem:0","生的豆腐培根"
"harvestcraft:rawtofeegitem:0","生的豆腐蛋"
"harvestcraft:rawtofuttonitem:0","生的豆腐羊肉"
"harvestcraft:rawtofickenitem:0","生的豆腐鸡"
"harvestcraft:rawtofabbititem:0","生的豆腐兔肉"
"harvestcraft:rawtofurkeyitem:0","生的豆腐火鸡"
"harvestcraft:rawtofenisonitem:0","生的豆腐鹿肉"
"harvestcraft:rawtofuduckitem:0","生豆腐鸭"
"harvestcraft:cookedtofeakitem:0","熟的豆腐牛排"
"harvestcraft:cookedtofaconitem:0","熟的豆腐培根"
"harvestcraft:cookedtofishitem:0","熟的豆腐鱼"
"harvestcraft:cookedtofeegitem:0","熟的豆腐蛋"
"harvestcraft:cookedtofuttonitem:0","熟的豆腐羊肉"
"harvestcraft:cookedtofickenitem:0","熟的豆腐鸡"
"harvestcraft:cookedtofabbititem:0","熟的豆腐兔肉"
"harvestcraft:cookedtofurkeyitem:0","熟的豆腐火鸡"
"harvestcraft:cookedtofenisonitem:0","熟的豆腐鹿肉"
"harvestcraft:cookedtofuduckitem:0","熟豆腐鸭"
"harvestcraft:baconcheeseburgeritem:0","培根奶酪汉堡"
"harvestcraft:deluxecheeseburgeritem:0","奢华奶酪汉堡"
"harvestcraft:beansontoastitem:0","茄汁豆加多士"
"harvestcraft:meatpieitem:0","肉饼"
"harvestcraft:chikorollitem:0","鸡肉卷"
"harvestcraft:spinachpieitem:0","菠菜派"
"harvestcraft:coleslawburgeritem:0","凉拌卷心菜汉堡"
"harvestcraft:hotandsoursoupitem:0","酸辣汤"
"harvestcraft:patreonpieitem:0","Patreon派"
"harvestcraft:chilidogitem:0","芝士热狗"
"harvestcraft:tunafishsandwichitem:0","金枪鱼三明治"
"harvestcraft:clamchowderitem:0","蛤蜊浓汤"
"harvestcraft:breakfastburritoitem:0","墨西哥卷"
"harvestcraft:chipsandsalsaitem:0","萨尔萨酱配玉米卷"
"harvestcraft:crawfishetoufeeitem:0","龙虾汤"
"harvestcraft:saucedlambkebabitem:0","酱汁碳烤羊肉"
"harvestcraft:cantonesenoodlesitem:0","干炒牛河"
"harvestcraft:dangoitem:0","団子"
"harvestcraft:takoyakiitem:0","章鱼烧"
"harvestcraft:groiledcheesesandwichitem:0","烤奶酪三明治"
"harvestcraft:cheesesteakitem:0","奶酪牛排"
"harvestcraft:swedishmeatballsitem:0","瑞典肉丸"
"harvestcraft:springfieldcashewchickenitem:0","斯普林菲尔德腰果鸡丁"
"harvestcraft:enchiladaitem:0","安吉拉卷"
"harvestcraft:pizzaitem:0","披萨"
"harvestcraft:onionsoupitem:0","洋葱汤"
"harvestcraft:baconmushroomburgeritem:0","培根蘑菇堡"
"harvestcraft:toadintheholeitem:0","面托烤肠"
"harvestcraft:homestylelunchitem:0","休闲午餐"
"harvestcraft:montecristosandwichitem:0","基督山三明治"
"harvestcraft:mobsoupitem:0","怪物汤"
"harvestcraft:randomtacoitem:0","墨西哥卷饼"
"harvestcraft:hamsweetpicklesandwichitem:0","火腿甜泡菜三明治"
"harvestcraft:toastedwesternitem:0","西式三明治"
"harvestcraft:eggsbenedictitem:0","火腿蛋松饼"
"harvestcraft:glisteningsaladitem:0","闪光沙拉"
"harvestcraft:meatloafsandwichitem:0","肉糜饼三明治"
"harvestcraft:mashedpotatoeschickenbiscuititem:0","土豆泥和鸡肉饼干"
"harvestcraft:epicbltitem:0","史诗培根生菜番茄三明治"
"harvestcraft:kohlundpinkelitem:0","香肠配甘蓝"
"harvestcraft:beetburgeritem:0","甜菜煎蛋肉堡"
"harvestcraft:anchovypepperonipizzaitem:0","鳀鱼香肠披萨"
"harvestcraft:spaghettidinneritem:0","意面套餐"
"harvestcraft:gumboitem:0","秋葵浓汤"
"harvestcraft:jambalayaitem:0","什锦菜肴"
"harvestcraft:supremepizzaitem:0","至尊披萨"
"harvestcraft:bbqplatteritem:0","汉堡套餐"
"harvestcraft:chickenandwafflesitem:0","鸡和华夫饼干"
"harvestcraft:gourmetporkburgeritem:0","美味猪肉堡"
"harvestcraft:delightedmealitem:0","开心套餐"
"harvestcraft:heartybreakfastitem:0","丰盛早餐"
"harvestcraft:mcpamitem:0","潘马斯汉堡"
"harvestcraft:deluxenachoesitem:0","玉米盛宴"
"harvestcraft:gourmetmuttonburgeritem:0","美味羊肉堡"
"harvestcraft:netherstartoastitem:0","下界之星吐司"
"harvestcraft:paradiseburgeritem:0","天堂汉堡"
"harvestcraft:chimichangaitem:0","墨西哥炸肉卷"
"harvestcraft:salisburysteakitem:0","索尔斯伯利牛肉饼"
"harvestcraft:ploughmanslunchitem:0","农夫午餐"
"harvestcraft:cornedbeefhashitem:0","碎腌牛肉"
"harvestcraft:deluxechickencurryitem:0","豪华咖喱鸡"
"harvestcraft:weekendpicnicitem:0","周末野餐"
"harvestcraft:gourmetbeefburgeritem:0","美味牛肉堡"
"harvestcraft:southernstylebreakfastitem:0","南部风格早餐"
"harvestcraft:meatfeastpizzaitem:0","肉食天堂薄饼匹萨"
"harvestcraft:thankfuldinneritem:0","感恩晚餐"
"harvestcraft:koreandinneritem:0","韩风套餐"
"harvestcraft:gourmetvenisonburgeritem:0","美味鹿肉堡"
"harvestcraft:minerstewitem:0","矿工炖肉"
"harvestcraft:cornedbeefbreakfastitem:0","腌牛肉早餐"
"harvestcraft:queenbeeitem:0","蜂后"
"harvestcraft:grubitem:0","蜜蜂幼虫"
"harvestcraft:cookedgrubitem:0","烤幼虫"
"harvestcraft:honeycombitem:0","蜂巢"
"harvestcraft:honeyitem:0","蜂蜜"
"harvestcraft:waxcombitem:0","蜂巢蜡"
"harvestcraft:royaljellyitem:0","蜂王浆"
"harvestcraft:beeswaxitem:0","蜂蜡"
"harvestcraft:fruitbaititem:0","水果诱饵"
"harvestcraft:grainbaititem:0","谷物诱饵"
"harvestcraft:veggiebaititem:0","蔬菜诱饵"
"harvestcraft:fishtrapbaititem:0","捕鱼笼诱饵"
"harvestcraft:cuttingboarditem:0","砧板"
"harvestcraft:potitem:0","锅"
"harvestcraft:skilletitem:0","平底锅"
"harvestcraft:saucepanitem:0","炖锅"
"harvestcraft:bakewareitem:0","烤盘"
"harvestcraft:mortarandpestleitem:0","研钵及研杵"
"harvestcraft:mixingbowlitem:0","搅拌钵"
"harvestcraft:juiceritem:0","榨汁器"
"harvestcraft:anchovyrawitem:0","生凤尾鱼"
"harvestcraft:bassrawitem:0","生鲈鱼"
"harvestcraft:carprawitem:0","生鲫鱼"
"harvestcraft:catfishrawitem:0","生鲶鱼"
"harvestcraft:charrrawitem:0","生红点鲑"
"harvestcraft:clamrawitem:0","生蛤蜊"
"harvestcraft:crabrawitem:0","生螃蟹"
"harvestcraft:crayfishrawitem:0","生龙虾"
"harvestcraft:eelrawitem:0","生鳗鱼"
"harvestcraft:frograwitem:0","生青蛙"
"harvestcraft:grouperrawitem:0","生鲶鱼"
"harvestcraft:herringrawitem:0","生青鱼"
"harvestcraft:jellyfishrawitem:0","生水母"
"harvestcraft:mudfishrawitem:0","生泥鱼"
"harvestcraft:octopusrawitem:0","生章鱼"
"harvestcraft:perchrawitem:0","生鲈鱼"
"harvestcraft:scalloprawitem:0","生扇贝"
"harvestcraft:shrimprawitem:0","生虾"
"harvestcraft:snailrawitem:0","生蜗牛"
"harvestcraft:snapperrawitem:0","生鲷鱼"
"harvestcraft:tilapiarawitem:0","生罗非鱼"
"harvestcraft:troutrawitem:0","生鲑鱼"
"harvestcraft:tunarawitem:0","生金枪鱼"
"harvestcraft:turtlerawitem:0","生乌龟"
"harvestcraft:walleyerawitem:0","生大眼鱼"
"harvestcraft:greenheartfishitem:0","绿心鱼"
"harvestcraft:sardinerawitem:0","生沙丁鱼"
"harvestcraft:musselrawitem:0","生贻贝"
"harvestcraft:rawtofishitem:0","生的豆腐鱼"
"harvestcraft:oysterrawitem:0","生蚝"
"harvestcraft:hardenedleatheritem:0","硬化皮革"
"harvestcraft:hardenedleatherhelmitem:0","硬化皮革头盔"
"harvestcraft:hardenedleatherchestitem:0","硬化皮革胸甲"
"harvestcraft:hardenedleatherleggingsitem:0","硬化皮革护腿"
"harvestcraft:hardenedleatherbootsitem:0","硬化皮革靴子"
"harvestcraft:harvestpumpkinitem:0","南瓜"
