"conarm:helmet_core:0","龙骨 头盔基底"
"conarm:helmet_core:0","沙漠蚁甲 头盔基底"
"conarm:helmet_core:0","丛林蚁甲 头盔基底"
"conarm:helmet_core:0","龙炎钢 头盔基底"
"conarm:helmet_core:0","龙霜钢 头盔基底"
"conarm:helmet_core:0","娜迦鳞片 头盔基底"
"conarm:helmet_core:0","钢叶 头盔基底"
"conarm:helmet_core:0","炽铁 头盔基底"
"conarm:helmet_core:0","骑士金属 头盔基底"
"conarm:helmet_core:0","圆石 头盔基底"
"conarm:helmet_core:0","燧石 头盔基底"
"conarm:helmet_core:0","仙人掌 头盔基底"
"conarm:helmet_core:0","骨头 头盔基底"
"conarm:helmet_core:0","黑曜石 头盔基底"
"conarm:helmet_core:0","海晶石 头盔基底"
"conarm:helmet_core:0","末地石 头盔基底"
"conarm:helmet_core:0","纸 头盔基底"
"conarm:helmet_core:0","海绵 头盔基底"
"conarm:helmet_core:0","烈焰木 头盔基底"
"conarm:helmet_core:0","铁 头盔基底"
"conarm:helmet_core:0","生铁 头盔基底"
"conarm:helmet_core:0","骑士史莱姆 头盔基底"
"conarm:helmet_core:0","史莱姆 头盔基底"
"conarm:helmet_core:0","史莱姆 头盔基底"
"conarm:helmet_core:0","熔岩史莱姆 头盔基底"
"conarm:helmet_core:0","地狱岩 头盔基底"
"conarm:helmet_core:0","钴 头盔基底"
"conarm:helmet_core:0","阿迪特 头盔基底"
"conarm:helmet_core:0","玛玉灵 头盔基底"
"conarm:helmet_core:0","铜 头盔基底"
"conarm:helmet_core:0","青铜 头盔基底"
"conarm:helmet_core:0","铅 头盔基底"
"conarm:helmet_core:0","银 头盔基底"
"conarm:helmet_core:0","琥珀金 头盔基底"
"conarm:helmet_core:0","钢 头盔基底"
"conarm:helmet_core:0","泰伯利亚 头盔基底"
"conarm:helmet_core:0","奥罗拉 头盔基底"
"conarm:helmet_core:0","钷 头盔基底"
"conarm:helmet_core:0","杜兰特 头盔基底"
"conarm:helmet_core:0","瓦雷利亚 头盔基底"
"conarm:helmet_core:0","振金 头盔基底"
"conarm:helmet_core:0","地母 头盔基底"
"conarm:helmet_core:0","钯 头盔基底"
"conarm:helmet_core:0","乌鲁 头盔基底"
"conarm:helmet_core:0","零素 头盔基底"
"conarm:helmet_core:0","玄武岩 头盔基底"
"conarm:helmet_core:0","泰伯利安 头盔基底"
"conarm:helmet_core:0","碎金 头盔基底"
"conarm:helmet_core:0","瑟蓝 头盔基底"
"conarm:helmet_core:0","普罗克希 头盔基底"
"conarm:helmet_core:0","漩金 头盔基底"
"conarm:helmet_core:0","焰晶 头盔基底"
"conarm:helmet_core:0","帝金 头盔基底"
"conarm:helmet_core:0","阳光合金 头盔基底"
"conarm:helmet_core:0","异界金属 头盔基底"
"conarm:helmet_core:0","精金 头盔基底"
"conarm:helmet_core:0","狄奥尼 头盔基底"
"conarm:helmet_core:0","辐光合金 头盔基底"
"conarm:helmet_core:0","流明 头盔基底"
"conarm:helmet_core:0","赛姆 头盔基底"
"conarm:helmet_core:0","阿斯特里姆 头盔基底"
"conarm:helmet_core:0","铌 头盔基底"
"conarm:helmet_core:0","原金 头盔基底"
"conarm:helmet_core:0","陨铁 头盔基底"
"conarm:helmet_core:0","黑陨铁 头盔基底"
"conarm:helmet_core:0","霜冻巨魔皮革 头盔基底"
"conarm:helmet_core:0","棕褐色死尸虫甲壳 头盔基底"
"conarm:helmet_core:0","青铜色龙鳞 头盔基底"
"conarm:helmet_core:0","蓝色海蛇鳞 头盔基底"
"conarm:helmet_core:0","紫色海蛇鳞 头盔基底"
"conarm:helmet_core:0","白色龙鳞 头盔基底"
"conarm:helmet_core:0","白色死尸虫甲壳 头盔基底"
"conarm:helmet_core:0","棕色死尸虫甲壳 头盔基底"
"conarm:helmet_core:0","灰色龙鳞 头盔基底"
"conarm:helmet_core:0","蓝宝石色龙鳞 头盔基底"
"conarm:helmet_core:0","青色海蛇鳞 头盔基底"
"conarm:helmet_core:0","蓝色龙鳞 头盔基底"
"conarm:helmet_core:0","森林巨魔皮革 头盔基底"
"conarm:helmet_core:0","绿色龙鳞 头盔基底"
"conarm:helmet_core:0","山地巨魔皮革 头盔基底"
"conarm:helmet_core:0","青铜色海蛇鳞 头盔基底"
"conarm:helmet_core:0","红色龙鳞 头盔基底"
"conarm:helmet_core:0","深蓝色海蛇鳞 头盔基底"
"conarm:helmet_core:0","红色海蛇鳞 头盔基底"
"conarm:helmet_core:0","绿色海蛇鳞 头盔基底"
"conarm:helmet_core:0","银色龙鳞 头盔基底"
"conarm:helmet_core:0","蓝宝石 头盔基底"
"conarm:helmet_core:0","紫水晶 头盔基底"
"conarm:helmet_core:0","黄玉 头盔基底"
"conarm:helmet_core:0","坦桑石 头盔基底"
"conarm:helmet_core:0","孔雀石 头盔基底"
"conarm:helmet_core:0","殷钢 头盔基底"
"conarm:helmet_core:0","耐酸铝 头盔基底"
"conarm:helmet_core:0","铱 头盔基底"
"conarm:helmet_core:0","红宝石 头盔基底"
"conarm:helmet_core:0","橄榄石 头盔基底"
"conarm:helmet_core:0","琥珀 头盔基底"
"conarm:helmet_core:0","镍 头盔基底"
"conarm:helmet_core:0","魔法木质头盔基底"
"conarm:helmet_core:0","恶魔灌注头盔基底"
"conarm:helmet_core:0","附魔头盔基底"
"conarm:helmet_core:0","恶魔头盔基底"
"conarm:helmet_core:0","深渊锭 头盔基底"
"conarm:helmet_core:0","精制珊瑚锭 头盔基底"
"conarm:helmet_core:0","恐惧金属 头盔基底"
"conarm:helmet_core:0","防腐木 头盔基底"
"conarm:helmet_core:0","康铜 头盔基底"
"conarm:helmet_core:0","绿宝石 头盔基底"
"conarm:helmet_core:0","木 头盔基底"
"conarm:armor_trim:0","龙骨 护甲夹板"
"conarm:armor_trim:0","沙漠蚁甲 护甲夹板"
"conarm:armor_trim:0","丛林蚁甲 护甲夹板"
"conarm:armor_trim:0","龙炎钢 护甲夹板"
"conarm:armor_trim:0","龙霜钢 护甲夹板"
"conarm:armor_trim:0","娜迦鳞片 护甲夹板"
"conarm:armor_trim:0","钢叶 护甲夹板"
"conarm:armor_trim:0","炽铁 护甲夹板"
"conarm:armor_trim:0","骑士金属 护甲夹板"
"conarm:armor_trim:0","圆石 护甲夹板"
"conarm:armor_trim:0","燧石 护甲夹板"
"conarm:armor_trim:0","仙人掌 护甲夹板"
"conarm:armor_trim:0","骨头 护甲夹板"
"conarm:armor_trim:0","黑曜石 护甲夹板"
"conarm:armor_trim:0","海晶石 护甲夹板"
"conarm:armor_trim:0","末地石 护甲夹板"
"conarm:armor_trim:0","纸 护甲夹板"
"conarm:armor_trim:0","海绵 护甲夹板"
"conarm:armor_trim:0","烈焰木 护甲夹板"
"conarm:armor_trim:0","铁 护甲夹板"
"conarm:armor_trim:0","生铁 护甲夹板"
"conarm:armor_trim:0","骑士史莱姆 护甲夹板"
"conarm:armor_trim:0","史莱姆 护甲夹板"
"conarm:armor_trim:0","史莱姆 护甲夹板"
"conarm:armor_trim:0","熔岩史莱姆 护甲夹板"
"conarm:armor_trim:0","地狱岩 护甲夹板"
"conarm:armor_trim:0","钴 护甲夹板"
"conarm:armor_trim:0","阿迪特 护甲夹板"
"conarm:armor_trim:0","玛玉灵 护甲夹板"
"conarm:armor_trim:0","铜 护甲夹板"
"conarm:armor_trim:0","青铜 护甲夹板"
"conarm:armor_trim:0","铅 护甲夹板"
"conarm:armor_trim:0","银 护甲夹板"
"conarm:armor_trim:0","琥珀金 护甲夹板"
"conarm:armor_trim:0","钢 护甲夹板"
"conarm:armor_trim:0","泰伯利亚 护甲夹板"
"conarm:armor_trim:0","奥罗拉 护甲夹板"
"conarm:armor_trim:0","钷 护甲夹板"
"conarm:armor_trim:0","杜兰特 护甲夹板"
"conarm:armor_trim:0","瓦雷利亚 护甲夹板"
"conarm:armor_trim:0","振金 护甲夹板"
"conarm:armor_trim:0","地母 护甲夹板"
"conarm:armor_trim:0","钯 护甲夹板"
"conarm:armor_trim:0","乌鲁 护甲夹板"
"conarm:armor_trim:0","零素 护甲夹板"
"conarm:armor_trim:0","玄武岩 护甲夹板"
"conarm:armor_trim:0","泰伯利安 护甲夹板"
"conarm:armor_trim:0","碎金 护甲夹板"
"conarm:armor_trim:0","瑟蓝 护甲夹板"
"conarm:armor_trim:0","普罗克希 护甲夹板"
"conarm:armor_trim:0","漩金 护甲夹板"
"conarm:armor_trim:0","焰晶 护甲夹板"
"conarm:armor_trim:0","帝金 护甲夹板"
"conarm:armor_trim:0","阳光合金 护甲夹板"
"conarm:armor_trim:0","异界金属 护甲夹板"
"conarm:armor_trim:0","精金 护甲夹板"
"conarm:armor_trim:0","狄奥尼 护甲夹板"
"conarm:armor_trim:0","辐光合金 护甲夹板"
"conarm:armor_trim:0","流明 护甲夹板"
"conarm:armor_trim:0","赛姆 护甲夹板"
"conarm:armor_trim:0","阿斯特里姆 护甲夹板"
"conarm:armor_trim:0","铌 护甲夹板"
"conarm:armor_trim:0","原金 护甲夹板"
"conarm:armor_trim:0","陨铁 护甲夹板"
"conarm:armor_trim:0","黑陨铁 护甲夹板"
"conarm:armor_trim:0","霜冻巨魔皮革 护甲夹板"
"conarm:armor_trim:0","棕褐色死尸虫甲壳 护甲夹板"
"conarm:armor_trim:0","青铜色龙鳞 护甲夹板"
"conarm:armor_trim:0","蓝色海蛇鳞 护甲夹板"
"conarm:armor_trim:0","紫色海蛇鳞 护甲夹板"
"conarm:armor_trim:0","白色龙鳞 护甲夹板"
"conarm:armor_trim:0","白色死尸虫甲壳 护甲夹板"
"conarm:armor_trim:0","棕色死尸虫甲壳 护甲夹板"
"conarm:armor_trim:0","灰色龙鳞 护甲夹板"
"conarm:armor_trim:0","蓝宝石色龙鳞 护甲夹板"
"conarm:armor_trim:0","青色海蛇鳞 护甲夹板"
"conarm:armor_trim:0","蓝色龙鳞 护甲夹板"
"conarm:armor_trim:0","森林巨魔皮革 护甲夹板"
"conarm:armor_trim:0","绿色龙鳞 护甲夹板"
"conarm:armor_trim:0","山地巨魔皮革 护甲夹板"
"conarm:armor_trim:0","青铜色海蛇鳞 护甲夹板"
"conarm:armor_trim:0","红色龙鳞 护甲夹板"
"conarm:armor_trim:0","深蓝色海蛇鳞 护甲夹板"
"conarm:armor_trim:0","红色海蛇鳞 护甲夹板"
"conarm:armor_trim:0","绿色海蛇鳞 护甲夹板"
"conarm:armor_trim:0","银色龙鳞 护甲夹板"
"conarm:armor_trim:0","蓝宝石 护甲夹板"
"conarm:armor_trim:0","紫水晶 护甲夹板"
"conarm:armor_trim:0","黄玉 护甲夹板"
"conarm:armor_trim:0","坦桑石 护甲夹板"
"conarm:armor_trim:0","孔雀石 护甲夹板"
"conarm:armor_trim:0","殷钢 护甲夹板"
"conarm:armor_trim:0","耐酸铝 护甲夹板"
"conarm:armor_trim:0","铱 护甲夹板"
"conarm:armor_trim:0","红宝石 护甲夹板"
"conarm:armor_trim:0","橄榄石 护甲夹板"
"conarm:armor_trim:0","琥珀 护甲夹板"
"conarm:armor_trim:0","镍 护甲夹板"
"conarm:armor_trim:0","魔法木质护甲夹板"
"conarm:armor_trim:0","恶魔灌注护甲夹板"
"conarm:armor_trim:0","附魔护甲夹板"
"conarm:armor_trim:0","恶魔护甲夹板"
"conarm:armor_trim:0","深渊锭 护甲夹板"
"conarm:armor_trim:0","精制珊瑚锭 护甲夹板"
"conarm:armor_trim:0","恐惧金属 护甲夹板"
"conarm:armor_trim:0","防腐木 护甲夹板"
"conarm:armor_trim:0","康铜 护甲夹板"
"conarm:armor_trim:0","绿宝石 护甲夹板"
"conarm:armor_trim:0","木 护甲夹板"
"conarm:armor_plate:0","龙骨 护甲板"
"conarm:armor_plate:0","沙漠蚁甲 护甲板"
"conarm:armor_plate:0","丛林蚁甲 护甲板"
"conarm:armor_plate:0","龙炎钢 护甲板"
"conarm:armor_plate:0","龙霜钢 护甲板"
"conarm:armor_plate:0","娜迦鳞片 护甲板"
"conarm:armor_plate:0","钢叶 护甲板"
"conarm:armor_plate:0","炽铁 护甲板"
"conarm:armor_plate:0","骑士金属 护甲板"
"conarm:armor_plate:0","圆石 护甲板"
"conarm:armor_plate:0","燧石 护甲板"
"conarm:armor_plate:0","仙人掌 护甲板"
"conarm:armor_plate:0","骨头 护甲板"
"conarm:armor_plate:0","黑曜石 护甲板"
"conarm:armor_plate:0","海晶石 护甲板"
"conarm:armor_plate:0","末地石 护甲板"
"conarm:armor_plate:0","纸 护甲板"
"conarm:armor_plate:0","海绵 护甲板"
"conarm:armor_plate:0","烈焰木 护甲板"
"conarm:armor_plate:0","铁 护甲板"
"conarm:armor_plate:0","生铁 护甲板"
"conarm:armor_plate:0","骑士史莱姆 护甲板"
"conarm:armor_plate:0","史莱姆 护甲板"
"conarm:armor_plate:0","史莱姆 护甲板"
"conarm:armor_plate:0","熔岩史莱姆 护甲板"
"conarm:armor_plate:0","地狱岩 护甲板"
"conarm:armor_plate:0","钴 护甲板"
"conarm:armor_plate:0","阿迪特 护甲板"
"conarm:armor_plate:0","玛玉灵 护甲板"
"conarm:armor_plate:0","铜 护甲板"
"conarm:armor_plate:0","青铜 护甲板"
"conarm:armor_plate:0","铅 护甲板"
"conarm:armor_plate:0","银 护甲板"
"conarm:armor_plate:0","琥珀金 护甲板"
"conarm:armor_plate:0","钢 护甲板"
"conarm:armor_plate:0","泰伯利亚 护甲板"
"conarm:armor_plate:0","奥罗拉 护甲板"
"conarm:armor_plate:0","钷 护甲板"
"conarm:armor_plate:0","杜兰特 护甲板"
"conarm:armor_plate:0","瓦雷利亚 护甲板"
"conarm:armor_plate:0","振金 护甲板"
"conarm:armor_plate:0","地母 护甲板"
"conarm:armor_plate:0","钯 护甲板"
"conarm:armor_plate:0","乌鲁 护甲板"
"conarm:armor_plate:0","零素 护甲板"
"conarm:armor_plate:0","玄武岩 护甲板"
"conarm:armor_plate:0","泰伯利安 护甲板"
"conarm:armor_plate:0","碎金 护甲板"
"conarm:armor_plate:0","瑟蓝 护甲板"
"conarm:armor_plate:0","普罗克希 护甲板"
"conarm:armor_plate:0","漩金 护甲板"
"conarm:armor_plate:0","焰晶 护甲板"
"conarm:armor_plate:0","帝金 护甲板"
"conarm:armor_plate:0","阳光合金 护甲板"
"conarm:armor_plate:0","异界金属 护甲板"
"conarm:armor_plate:0","精金 护甲板"
"conarm:armor_plate:0","狄奥尼 护甲板"
"conarm:armor_plate:0","辐光合金 护甲板"
"conarm:armor_plate:0","流明 护甲板"
"conarm:armor_plate:0","赛姆 护甲板"
"conarm:armor_plate:0","阿斯特里姆 护甲板"
"conarm:armor_plate:0","铌 护甲板"
"conarm:armor_plate:0","原金 护甲板"
"conarm:armor_plate:0","陨铁 护甲板"
"conarm:armor_plate:0","黑陨铁 护甲板"
"conarm:armor_plate:0","霜冻巨魔皮革 护甲板"
"conarm:armor_plate:0","棕褐色死尸虫甲壳 护甲板"
"conarm:armor_plate:0","青铜色龙鳞 护甲板"
"conarm:armor_plate:0","蓝色海蛇鳞 护甲板"
"conarm:armor_plate:0","紫色海蛇鳞 护甲板"
"conarm:armor_plate:0","白色龙鳞 护甲板"
"conarm:armor_plate:0","白色死尸虫甲壳 护甲板"
"conarm:armor_plate:0","棕色死尸虫甲壳 护甲板"
"conarm:armor_plate:0","灰色龙鳞 护甲板"
"conarm:armor_plate:0","蓝宝石色龙鳞 护甲板"
"conarm:armor_plate:0","青色海蛇鳞 护甲板"
"conarm:armor_plate:0","蓝色龙鳞 护甲板"
"conarm:armor_plate:0","森林巨魔皮革 护甲板"
"conarm:armor_plate:0","绿色龙鳞 护甲板"
"conarm:armor_plate:0","山地巨魔皮革 护甲板"
"conarm:armor_plate:0","青铜色海蛇鳞 护甲板"
"conarm:armor_plate:0","红色龙鳞 护甲板"
"conarm:armor_plate:0","深蓝色海蛇鳞 护甲板"
"conarm:armor_plate:0","红色海蛇鳞 护甲板"
"conarm:armor_plate:0","绿色海蛇鳞 护甲板"
"conarm:armor_plate:0","银色龙鳞 护甲板"
"conarm:armor_plate:0","蓝宝石 护甲板"
"conarm:armor_plate:0","紫水晶 护甲板"
"conarm:armor_plate:0","黄玉 护甲板"
"conarm:armor_plate:0","坦桑石 护甲板"
"conarm:armor_plate:0","孔雀石 护甲板"
"conarm:armor_plate:0","殷钢 护甲板"
"conarm:armor_plate:0","耐酸铝 护甲板"
"conarm:armor_plate:0","铱 护甲板"
"conarm:armor_plate:0","红宝石 护甲板"
"conarm:armor_plate:0","橄榄石 护甲板"
"conarm:armor_plate:0","琥珀 护甲板"
"conarm:armor_plate:0","镍 护甲板"
"conarm:armor_plate:0","魔法木质护甲板"
"conarm:armor_plate:0","恶魔灌注护甲板"
"conarm:armor_plate:0","附魔护甲板"
"conarm:armor_plate:0","恶魔护甲板"
"conarm:armor_plate:0","深渊锭 护甲板"
"conarm:armor_plate:0","精制珊瑚锭 护甲板"
"conarm:armor_plate:0","恐惧金属 护甲板"
"conarm:armor_plate:0","防腐木 护甲板"
"conarm:armor_plate:0","康铜 护甲板"
"conarm:armor_plate:0","绿宝石 护甲板"
"conarm:armor_plate:0","木 护甲板"
"conarm:chest_core:0","龙骨 胸甲基底"
"conarm:chest_core:0","沙漠蚁甲 胸甲基底"
"conarm:chest_core:0","丛林蚁甲 胸甲基底"
"conarm:chest_core:0","龙炎钢 胸甲基底"
"conarm:chest_core:0","龙霜钢 胸甲基底"
"conarm:chest_core:0","娜迦鳞片 胸甲基底"
"conarm:chest_core:0","钢叶 胸甲基底"
"conarm:chest_core:0","炽铁 胸甲基底"
"conarm:chest_core:0","骑士金属 胸甲基底"
"conarm:chest_core:0","圆石 胸甲基底"
"conarm:chest_core:0","燧石 胸甲基底"
"conarm:chest_core:0","仙人掌 胸甲基底"
"conarm:chest_core:0","骨头 胸甲基底"
"conarm:chest_core:0","黑曜石 胸甲基底"
"conarm:chest_core:0","海晶石 胸甲基底"
"conarm:chest_core:0","末地石 胸甲基底"
"conarm:chest_core:0","纸 胸甲基底"
"conarm:chest_core:0","海绵 胸甲基底"
"conarm:chest_core:0","烈焰木 胸甲基底"
"conarm:chest_core:0","铁 胸甲基底"
"conarm:chest_core:0","生铁 胸甲基底"
"conarm:chest_core:0","骑士史莱姆 胸甲基底"
"conarm:chest_core:0","史莱姆 胸甲基底"
"conarm:chest_core:0","史莱姆 胸甲基底"
"conarm:chest_core:0","熔岩史莱姆 胸甲基底"
"conarm:chest_core:0","地狱岩 胸甲基底"
"conarm:chest_core:0","钴 胸甲基底"
"conarm:chest_core:0","阿迪特 胸甲基底"
"conarm:chest_core:0","玛玉灵 胸甲基底"
"conarm:chest_core:0","铜 胸甲基底"
"conarm:chest_core:0","青铜 胸甲基底"
"conarm:chest_core:0","铅 胸甲基底"
"conarm:chest_core:0","银 胸甲基底"
"conarm:chest_core:0","琥珀金 胸甲基底"
"conarm:chest_core:0","钢 胸甲基底"
"conarm:chest_core:0","泰伯利亚 胸甲基底"
"conarm:chest_core:0","奥罗拉 胸甲基底"
"conarm:chest_core:0","钷 胸甲基底"
"conarm:chest_core:0","杜兰特 胸甲基底"
"conarm:chest_core:0","瓦雷利亚 胸甲基底"
"conarm:chest_core:0","振金 胸甲基底"
"conarm:chest_core:0","地母 胸甲基底"
"conarm:chest_core:0","钯 胸甲基底"
"conarm:chest_core:0","乌鲁 胸甲基底"
"conarm:chest_core:0","零素 胸甲基底"
"conarm:chest_core:0","玄武岩 胸甲基底"
"conarm:chest_core:0","泰伯利安 胸甲基底"
"conarm:chest_core:0","碎金 胸甲基底"
"conarm:chest_core:0","瑟蓝 胸甲基底"
"conarm:chest_core:0","普罗克希 胸甲基底"
"conarm:chest_core:0","漩金 胸甲基底"
"conarm:chest_core:0","焰晶 胸甲基底"
"conarm:chest_core:0","帝金 胸甲基底"
"conarm:chest_core:0","阳光合金 胸甲基底"
"conarm:chest_core:0","异界金属 胸甲基底"
"conarm:chest_core:0","精金 胸甲基底"
"conarm:chest_core:0","狄奥尼 胸甲基底"
"conarm:chest_core:0","辐光合金 胸甲基底"
"conarm:chest_core:0","流明 胸甲基底"
"conarm:chest_core:0","赛姆 胸甲基底"
"conarm:chest_core:0","阿斯特里姆 胸甲基底"
"conarm:chest_core:0","铌 胸甲基底"
"conarm:chest_core:0","原金 胸甲基底"
"conarm:chest_core:0","陨铁 胸甲基底"
"conarm:chest_core:0","黑陨铁 胸甲基底"
"conarm:chest_core:0","霜冻巨魔皮革 胸甲基底"
"conarm:chest_core:0","棕褐色死尸虫甲壳 胸甲基底"
"conarm:chest_core:0","青铜色龙鳞 胸甲基底"
"conarm:chest_core:0","蓝色海蛇鳞 胸甲基底"
"conarm:chest_core:0","紫色海蛇鳞 胸甲基底"
"conarm:chest_core:0","白色龙鳞 胸甲基底"
"conarm:chest_core:0","白色死尸虫甲壳 胸甲基底"
"conarm:chest_core:0","棕色死尸虫甲壳 胸甲基底"
"conarm:chest_core:0","灰色龙鳞 胸甲基底"
"conarm:chest_core:0","蓝宝石色龙鳞 胸甲基底"
"conarm:chest_core:0","青色海蛇鳞 胸甲基底"
"conarm:chest_core:0","蓝色龙鳞 胸甲基底"
"conarm:chest_core:0","森林巨魔皮革 胸甲基底"
"conarm:chest_core:0","绿色龙鳞 胸甲基底"
"conarm:chest_core:0","山地巨魔皮革 胸甲基底"
"conarm:chest_core:0","青铜色海蛇鳞 胸甲基底"
"conarm:chest_core:0","红色龙鳞 胸甲基底"
"conarm:chest_core:0","深蓝色海蛇鳞 胸甲基底"
"conarm:chest_core:0","红色海蛇鳞 胸甲基底"
"conarm:chest_core:0","绿色海蛇鳞 胸甲基底"
"conarm:chest_core:0","银色龙鳞 胸甲基底"
"conarm:chest_core:0","蓝宝石 胸甲基底"
"conarm:chest_core:0","紫水晶 胸甲基底"
"conarm:chest_core:0","黄玉 胸甲基底"
"conarm:chest_core:0","坦桑石 胸甲基底"
"conarm:chest_core:0","孔雀石 胸甲基底"
"conarm:chest_core:0","殷钢 胸甲基底"
"conarm:chest_core:0","耐酸铝 胸甲基底"
"conarm:chest_core:0","铱 胸甲基底"
"conarm:chest_core:0","红宝石 胸甲基底"
"conarm:chest_core:0","橄榄石 胸甲基底"
"conarm:chest_core:0","琥珀 胸甲基底"
"conarm:chest_core:0","镍 胸甲基底"
"conarm:chest_core:0","魔法木质胸甲基底"
"conarm:chest_core:0","恶魔灌注胸甲基底"
"conarm:chest_core:0","附魔胸甲基底"
"conarm:chest_core:0","恶魔胸甲基底"
"conarm:chest_core:0","深渊锭 胸甲基底"
"conarm:chest_core:0","精制珊瑚锭 胸甲基底"
"conarm:chest_core:0","恐惧金属 胸甲基底"
"conarm:chest_core:0","防腐木 胸甲基底"
"conarm:chest_core:0","康铜 胸甲基底"
"conarm:chest_core:0","绿宝石 胸甲基底"
"conarm:chest_core:0","木 胸甲基底"
"conarm:leggings_core:0","龙骨 护腿基底"
"conarm:leggings_core:0","沙漠蚁甲 护腿基底"
"conarm:leggings_core:0","丛林蚁甲 护腿基底"
"conarm:leggings_core:0","龙炎钢 护腿基底"
"conarm:leggings_core:0","龙霜钢 护腿基底"
"conarm:leggings_core:0","娜迦鳞片 护腿基底"
"conarm:leggings_core:0","钢叶 护腿基底"
"conarm:leggings_core:0","炽铁 护腿基底"
"conarm:leggings_core:0","骑士金属 护腿基底"
"conarm:leggings_core:0","圆石 护腿基底"
"conarm:leggings_core:0","燧石 护腿基底"
"conarm:leggings_core:0","仙人掌 护腿基底"
"conarm:leggings_core:0","骨头 护腿基底"
"conarm:leggings_core:0","黑曜石 护腿基底"
"conarm:leggings_core:0","海晶石 护腿基底"
"conarm:leggings_core:0","末地石 护腿基底"
"conarm:leggings_core:0","纸 护腿基底"
"conarm:leggings_core:0","海绵 护腿基底"
"conarm:leggings_core:0","烈焰木 护腿基底"
"conarm:leggings_core:0","铁 护腿基底"
"conarm:leggings_core:0","生铁 护腿基底"
"conarm:leggings_core:0","骑士史莱姆 护腿基底"
"conarm:leggings_core:0","史莱姆 护腿基底"
"conarm:leggings_core:0","史莱姆 护腿基底"
"conarm:leggings_core:0","熔岩史莱姆 护腿基底"
"conarm:leggings_core:0","地狱岩 护腿基底"
"conarm:leggings_core:0","钴 护腿基底"
"conarm:leggings_core:0","阿迪特 护腿基底"
"conarm:leggings_core:0","玛玉灵 护腿基底"
"conarm:leggings_core:0","铜 护腿基底"
"conarm:leggings_core:0","青铜 护腿基底"
"conarm:leggings_core:0","铅 护腿基底"
"conarm:leggings_core:0","银 护腿基底"
"conarm:leggings_core:0","琥珀金 护腿基底"
"conarm:leggings_core:0","钢 护腿基底"
"conarm:leggings_core:0","泰伯利亚 护腿基底"
"conarm:leggings_core:0","奥罗拉 护腿基底"
"conarm:leggings_core:0","钷 护腿基底"
"conarm:leggings_core:0","杜兰特 护腿基底"
"conarm:leggings_core:0","瓦雷利亚 护腿基底"
"conarm:leggings_core:0","振金 护腿基底"
"conarm:leggings_core:0","地母 护腿基底"
"conarm:leggings_core:0","钯 护腿基底"
"conarm:leggings_core:0","乌鲁 护腿基底"
"conarm:leggings_core:0","零素 护腿基底"
"conarm:leggings_core:0","玄武岩 护腿基底"
"conarm:leggings_core:0","泰伯利安 护腿基底"
"conarm:leggings_core:0","碎金 护腿基底"
"conarm:leggings_core:0","瑟蓝 护腿基底"
"conarm:leggings_core:0","普罗克希 护腿基底"
"conarm:leggings_core:0","漩金 护腿基底"
"conarm:leggings_core:0","焰晶 护腿基底"
"conarm:leggings_core:0","帝金 护腿基底"
"conarm:leggings_core:0","阳光合金 护腿基底"
"conarm:leggings_core:0","异界金属 护腿基底"
"conarm:leggings_core:0","精金 护腿基底"
"conarm:leggings_core:0","狄奥尼 护腿基底"
"conarm:leggings_core:0","辐光合金 护腿基底"
"conarm:leggings_core:0","流明 护腿基底"
"conarm:leggings_core:0","赛姆 护腿基底"
"conarm:leggings_core:0","阿斯特里姆 护腿基底"
"conarm:leggings_core:0","铌 护腿基底"
"conarm:leggings_core:0","原金 护腿基底"
"conarm:leggings_core:0","陨铁 护腿基底"
"conarm:leggings_core:0","黑陨铁 护腿基底"
"conarm:leggings_core:0","霜冻巨魔皮革 护腿基底"
"conarm:leggings_core:0","棕褐色死尸虫甲壳 护腿基底"
"conarm:leggings_core:0","青铜色龙鳞 护腿基底"
"conarm:leggings_core:0","蓝色海蛇鳞 护腿基底"
"conarm:leggings_core:0","紫色海蛇鳞 护腿基底"
"conarm:leggings_core:0","白色龙鳞 护腿基底"
"conarm:leggings_core:0","白色死尸虫甲壳 护腿基底"
"conarm:leggings_core:0","棕色死尸虫甲壳 护腿基底"
"conarm:leggings_core:0","灰色龙鳞 护腿基底"
"conarm:leggings_core:0","蓝宝石色龙鳞 护腿基底"
"conarm:leggings_core:0","青色海蛇鳞 护腿基底"
"conarm:leggings_core:0","蓝色龙鳞 护腿基底"
"conarm:leggings_core:0","森林巨魔皮革 护腿基底"
"conarm:leggings_core:0","绿色龙鳞 护腿基底"
"conarm:leggings_core:0","山地巨魔皮革 护腿基底"
"conarm:leggings_core:0","青铜色海蛇鳞 护腿基底"
"conarm:leggings_core:0","红色龙鳞 护腿基底"
"conarm:leggings_core:0","深蓝色海蛇鳞 护腿基底"
"conarm:leggings_core:0","红色海蛇鳞 护腿基底"
"conarm:leggings_core:0","绿色海蛇鳞 护腿基底"
"conarm:leggings_core:0","银色龙鳞 护腿基底"
"conarm:leggings_core:0","蓝宝石 护腿基底"
"conarm:leggings_core:0","紫水晶 护腿基底"
"conarm:leggings_core:0","黄玉 护腿基底"
"conarm:leggings_core:0","坦桑石 护腿基底"
"conarm:leggings_core:0","孔雀石 护腿基底"
"conarm:leggings_core:0","殷钢 护腿基底"
"conarm:leggings_core:0","耐酸铝 护腿基底"
"conarm:leggings_core:0","铱 护腿基底"
"conarm:leggings_core:0","红宝石 护腿基底"
"conarm:leggings_core:0","橄榄石 护腿基底"
"conarm:leggings_core:0","琥珀 护腿基底"
"conarm:leggings_core:0","镍 护腿基底"
"conarm:leggings_core:0","魔法木质护腿基底"
"conarm:leggings_core:0","恶魔灌注护腿基底"
"conarm:leggings_core:0","附魔护腿基底"
"conarm:leggings_core:0","恶魔护腿基底"
"conarm:leggings_core:0","深渊锭 护腿基底"
"conarm:leggings_core:0","精制珊瑚锭 护腿基底"
"conarm:leggings_core:0","恐惧金属 护腿基底"
"conarm:leggings_core:0","防腐木 护腿基底"
"conarm:leggings_core:0","康铜 护腿基底"
"conarm:leggings_core:0","绿宝石 护腿基底"
"conarm:leggings_core:0","木 护腿基底"
"conarm:boots_core:0","龙骨 靴子基底"
"conarm:boots_core:0","沙漠蚁甲 靴子基底"
"conarm:boots_core:0","丛林蚁甲 靴子基底"
"conarm:boots_core:0","龙炎钢 靴子基底"
"conarm:boots_core:0","龙霜钢 靴子基底"
"conarm:boots_core:0","娜迦鳞片 靴子基底"
"conarm:boots_core:0","钢叶 靴子基底"
"conarm:boots_core:0","炽铁 靴子基底"
"conarm:boots_core:0","骑士金属 靴子基底"
"conarm:boots_core:0","圆石 靴子基底"
"conarm:boots_core:0","燧石 靴子基底"
"conarm:boots_core:0","仙人掌 靴子基底"
"conarm:boots_core:0","骨头 靴子基底"
"conarm:boots_core:0","黑曜石 靴子基底"
"conarm:boots_core:0","海晶石 靴子基底"
"conarm:boots_core:0","末地石 靴子基底"
"conarm:boots_core:0","纸 靴子基底"
"conarm:boots_core:0","海绵 靴子基底"
"conarm:boots_core:0","烈焰木 靴子基底"
"conarm:boots_core:0","铁 靴子基底"
"conarm:boots_core:0","生铁 靴子基底"
"conarm:boots_core:0","骑士史莱姆 靴子基底"
"conarm:boots_core:0","史莱姆 靴子基底"
"conarm:boots_core:0","史莱姆 靴子基底"
"conarm:boots_core:0","熔岩史莱姆 靴子基底"
"conarm:boots_core:0","地狱岩 靴子基底"
"conarm:boots_core:0","钴 靴子基底"
"conarm:boots_core:0","阿迪特 靴子基底"
"conarm:boots_core:0","玛玉灵 靴子基底"
"conarm:boots_core:0","铜 靴子基底"
"conarm:boots_core:0","青铜 靴子基底"
"conarm:boots_core:0","铅 靴子基底"
"conarm:boots_core:0","银 靴子基底"
"conarm:boots_core:0","琥珀金 靴子基底"
"conarm:boots_core:0","钢 靴子基底"
"conarm:boots_core:0","泰伯利亚 靴子基底"
"conarm:boots_core:0","奥罗拉 靴子基底"
"conarm:boots_core:0","钷 靴子基底"
"conarm:boots_core:0","杜兰特 靴子基底"
"conarm:boots_core:0","瓦雷利亚 靴子基底"
"conarm:boots_core:0","振金 靴子基底"
"conarm:boots_core:0","地母 靴子基底"
"conarm:boots_core:0","钯 靴子基底"
"conarm:boots_core:0","乌鲁 靴子基底"
"conarm:boots_core:0","零素 靴子基底"
"conarm:boots_core:0","玄武岩 靴子基底"
"conarm:boots_core:0","泰伯利安 靴子基底"
"conarm:boots_core:0","碎金 靴子基底"
"conarm:boots_core:0","瑟蓝 靴子基底"
"conarm:boots_core:0","普罗克希 靴子基底"
"conarm:boots_core:0","漩金 靴子基底"
"conarm:boots_core:0","焰晶 靴子基底"
"conarm:boots_core:0","帝金 靴子基底"
"conarm:boots_core:0","阳光合金 靴子基底"
"conarm:boots_core:0","异界金属 靴子基底"
"conarm:boots_core:0","精金 靴子基底"
"conarm:boots_core:0","狄奥尼 靴子基底"
"conarm:boots_core:0","辐光合金 靴子基底"
"conarm:boots_core:0","流明 靴子基底"
"conarm:boots_core:0","赛姆 靴子基底"
"conarm:boots_core:0","阿斯特里姆 靴子基底"
"conarm:boots_core:0","铌 靴子基底"
"conarm:boots_core:0","原金 靴子基底"
"conarm:boots_core:0","陨铁 靴子基底"
"conarm:boots_core:0","黑陨铁 靴子基底"
"conarm:boots_core:0","霜冻巨魔皮革 靴子基底"
"conarm:boots_core:0","棕褐色死尸虫甲壳 靴子基底"
"conarm:boots_core:0","青铜色龙鳞 靴子基底"
"conarm:boots_core:0","蓝色海蛇鳞 靴子基底"
"conarm:boots_core:0","紫色海蛇鳞 靴子基底"
"conarm:boots_core:0","白色龙鳞 靴子基底"
"conarm:boots_core:0","白色死尸虫甲壳 靴子基底"
"conarm:boots_core:0","棕色死尸虫甲壳 靴子基底"
"conarm:boots_core:0","灰色龙鳞 靴子基底"
"conarm:boots_core:0","蓝宝石色龙鳞 靴子基底"
"conarm:boots_core:0","青色海蛇鳞 靴子基底"
"conarm:boots_core:0","蓝色龙鳞 靴子基底"
"conarm:boots_core:0","森林巨魔皮革 靴子基底"
"conarm:boots_core:0","绿色龙鳞 靴子基底"
"conarm:boots_core:0","山地巨魔皮革 靴子基底"
"conarm:boots_core:0","青铜色海蛇鳞 靴子基底"
"conarm:boots_core:0","红色龙鳞 靴子基底"
"conarm:boots_core:0","深蓝色海蛇鳞 靴子基底"
"conarm:boots_core:0","红色海蛇鳞 靴子基底"
"conarm:boots_core:0","绿色海蛇鳞 靴子基底"
"conarm:boots_core:0","银色龙鳞 靴子基底"
"conarm:boots_core:0","蓝宝石 靴子基底"
"conarm:boots_core:0","紫水晶 靴子基底"
"conarm:boots_core:0","黄玉 靴子基底"
"conarm:boots_core:0","坦桑石 靴子基底"
"conarm:boots_core:0","孔雀石 靴子基底"
"conarm:boots_core:0","殷钢 靴子基底"
"conarm:boots_core:0","耐酸铝 靴子基底"
"conarm:boots_core:0","铱 靴子基底"
"conarm:boots_core:0","红宝石 靴子基底"
"conarm:boots_core:0","橄榄石 靴子基底"
"conarm:boots_core:0","琥珀 靴子基底"
"conarm:boots_core:0","镍 靴子基底"
"conarm:boots_core:0","魔法木质靴子基底"
"conarm:boots_core:0","恶魔灌注靴子基底"
"conarm:boots_core:0","附魔靴子基底"
"conarm:boots_core:0","恶魔靴子基底"
"conarm:boots_core:0","深渊锭 靴子基底"
"conarm:boots_core:0","精制珊瑚锭 靴子基底"
"conarm:boots_core:0","恐惧金属 靴子基底"
"conarm:boots_core:0","防腐木 靴子基底"
"conarm:boots_core:0","康铜 靴子基底"
"conarm:boots_core:0","绿宝石 靴子基底"
"conarm:boots_core:0","木 靴子基底"
"conarm:helmet:0","龙骨 头盔"
"conarm:helmet:0","沙漠蚁甲 头盔"
"conarm:helmet:0","丛林蚁甲 头盔"
"conarm:helmet:0","龙炎钢 头盔"
"conarm:helmet:0","龙霜钢 头盔"
"conarm:helmet:0","娜迦鳞片 头盔"
"conarm:helmet:0","钢叶 头盔"
"conarm:helmet:0","炽铁 头盔"
"conarm:helmet:0","骑士金属 头盔"
"conarm:helmet:0","圆石 头盔"
"conarm:helmet:0","燧石 头盔"
"conarm:helmet:0","仙人掌 头盔"
"conarm:helmet:0","骨头 头盔"
"conarm:helmet:0","黑曜石 头盔"
"conarm:helmet:0","海晶石 头盔"
"conarm:helmet:0","末地石 头盔"
"conarm:helmet:0","纸 头盔"
"conarm:helmet:0","海绵 头盔"
"conarm:helmet:0","烈焰木 头盔"
"conarm:helmet:0","铁 头盔"
"conarm:helmet:0","生铁 头盔"
"conarm:helmet:0","骑士史莱姆 头盔"
"conarm:helmet:0","史莱姆 头盔"
"conarm:helmet:0","史莱姆 头盔"
"conarm:helmet:0","熔岩史莱姆 头盔"
"conarm:helmet:0","地狱岩 头盔"
"conarm:helmet:0","钴 头盔"
"conarm:helmet:0","阿迪特 头盔"
"conarm:helmet:0","玛玉灵 头盔"
"conarm:helmet:0","铜 头盔"
"conarm:helmet:0","青铜 头盔"
"conarm:helmet:0","铅 头盔"
"conarm:helmet:0","银 头盔"
"conarm:helmet:0","琥珀金 头盔"
"conarm:helmet:0","钢 头盔"
"conarm:helmet:0","泰伯利亚 头盔"
"conarm:helmet:0","奥罗拉 头盔"
"conarm:helmet:0","钷 头盔"
"conarm:helmet:0","杜兰特 头盔"
"conarm:helmet:0","瓦雷利亚 头盔"
"conarm:helmet:0","振金 头盔"
"conarm:helmet:0","地母 头盔"
"conarm:helmet:0","钯 头盔"
"conarm:helmet:0","乌鲁 头盔"
"conarm:helmet:0","零素 头盔"
"conarm:helmet:0","玄武岩 头盔"
"conarm:helmet:0","泰伯利安 头盔"
"conarm:helmet:0","碎金 头盔"
"conarm:helmet:0","瑟蓝 头盔"
"conarm:helmet:0","普罗克希 头盔"
"conarm:helmet:0","漩金 头盔"
"conarm:helmet:0","焰晶 头盔"
"conarm:helmet:0","帝金 头盔"
"conarm:helmet:0","阳光合金 头盔"
"conarm:helmet:0","异界金属 头盔"
"conarm:helmet:0","精金 头盔"
"conarm:helmet:0","狄奥尼 头盔"
"conarm:helmet:0","辐光合金 头盔"
"conarm:helmet:0","流明 头盔"
"conarm:helmet:0","赛姆 头盔"
"conarm:helmet:0","阿斯特里姆 头盔"
"conarm:helmet:0","铌 头盔"
"conarm:helmet:0","原金 头盔"
"conarm:helmet:0","陨铁 头盔"
"conarm:helmet:0","黑陨铁 头盔"
"conarm:helmet:0","霜冻巨魔皮革 头盔"
"conarm:helmet:0","棕褐色死尸虫甲壳 头盔"
"conarm:helmet:0","青铜色龙鳞 头盔"
"conarm:helmet:0","蓝色海蛇鳞 头盔"
"conarm:helmet:0","紫色海蛇鳞 头盔"
"conarm:helmet:0","白色龙鳞 头盔"
"conarm:helmet:0","白色死尸虫甲壳 头盔"
"conarm:helmet:0","棕色死尸虫甲壳 头盔"
"conarm:helmet:0","灰色龙鳞 头盔"
"conarm:helmet:0","蓝宝石色龙鳞 头盔"
"conarm:helmet:0","青色海蛇鳞 头盔"
"conarm:helmet:0","蓝色龙鳞 头盔"
"conarm:helmet:0","森林巨魔皮革 头盔"
"conarm:helmet:0","绿色龙鳞 头盔"
"conarm:helmet:0","山地巨魔皮革 头盔"
"conarm:helmet:0","青铜色海蛇鳞 头盔"
"conarm:helmet:0","红色龙鳞 头盔"
"conarm:helmet:0","深蓝色海蛇鳞 头盔"
"conarm:helmet:0","红色海蛇鳞 头盔"
"conarm:helmet:0","绿色海蛇鳞 头盔"
"conarm:helmet:0","银色龙鳞 头盔"
"conarm:helmet:0","蓝宝石 头盔"
"conarm:helmet:0","紫水晶 头盔"
"conarm:helmet:0","黄玉 头盔"
"conarm:helmet:0","坦桑石 头盔"
"conarm:helmet:0","孔雀石 头盔"
"conarm:helmet:0","殷钢 头盔"
"conarm:helmet:0","耐酸铝 头盔"
"conarm:helmet:0","铱 头盔"
"conarm:helmet:0","红宝石 头盔"
"conarm:helmet:0","橄榄石 头盔"
"conarm:helmet:0","琥珀 头盔"
"conarm:helmet:0","镍 头盔"
"conarm:helmet:0","魔法木质头盔"
"conarm:helmet:0","恶魔灌注头盔"
"conarm:helmet:0","附魔头盔"
"conarm:helmet:0","恶魔头盔"
"conarm:helmet:0","深渊锭 头盔"
"conarm:helmet:0","精制珊瑚锭 头盔"
"conarm:helmet:0","恐惧金属 头盔"
"conarm:helmet:0","防腐木 头盔"
"conarm:helmet:0","康铜 头盔"
"conarm:helmet:0","绿宝石 头盔"
"conarm:helmet:0","木 头盔"
"conarm:chestplate:0","龙骨 胸甲"
"conarm:chestplate:0","沙漠蚁甲 胸甲"
"conarm:chestplate:0","丛林蚁甲 胸甲"
"conarm:chestplate:0","龙炎钢 胸甲"
"conarm:chestplate:0","龙霜钢 胸甲"
"conarm:chestplate:0","娜迦鳞片 胸甲"
"conarm:chestplate:0","钢叶 胸甲"
"conarm:chestplate:0","炽铁 胸甲"
"conarm:chestplate:0","骑士金属 胸甲"
"conarm:chestplate:0","圆石 胸甲"
"conarm:chestplate:0","燧石 胸甲"
"conarm:chestplate:0","仙人掌 胸甲"
"conarm:chestplate:0","骨头 胸甲"
"conarm:chestplate:0","黑曜石 胸甲"
"conarm:chestplate:0","海晶石 胸甲"
"conarm:chestplate:0","末地石 胸甲"
"conarm:chestplate:0","纸 胸甲"
"conarm:chestplate:0","海绵 胸甲"
"conarm:chestplate:0","烈焰木 胸甲"
"conarm:chestplate:0","铁 胸甲"
"conarm:chestplate:0","生铁 胸甲"
"conarm:chestplate:0","骑士史莱姆 胸甲"
"conarm:chestplate:0","史莱姆 胸甲"
"conarm:chestplate:0","史莱姆 胸甲"
"conarm:chestplate:0","熔岩史莱姆 胸甲"
"conarm:chestplate:0","地狱岩 胸甲"
"conarm:chestplate:0","钴 胸甲"
"conarm:chestplate:0","阿迪特 胸甲"
"conarm:chestplate:0","玛玉灵 胸甲"
"conarm:chestplate:0","铜 胸甲"
"conarm:chestplate:0","青铜 胸甲"
"conarm:chestplate:0","铅 胸甲"
"conarm:chestplate:0","银 胸甲"
"conarm:chestplate:0","琥珀金 胸甲"
"conarm:chestplate:0","钢 胸甲"
"conarm:chestplate:0","泰伯利亚 胸甲"
"conarm:chestplate:0","奥罗拉 胸甲"
"conarm:chestplate:0","钷 胸甲"
"conarm:chestplate:0","杜兰特 胸甲"
"conarm:chestplate:0","瓦雷利亚 胸甲"
"conarm:chestplate:0","振金 胸甲"
"conarm:chestplate:0","地母 胸甲"
"conarm:chestplate:0","钯 胸甲"
"conarm:chestplate:0","乌鲁 胸甲"
"conarm:chestplate:0","零素 胸甲"
"conarm:chestplate:0","玄武岩 胸甲"
"conarm:chestplate:0","泰伯利安 胸甲"
"conarm:chestplate:0","碎金 胸甲"
"conarm:chestplate:0","瑟蓝 胸甲"
"conarm:chestplate:0","普罗克希 胸甲"
"conarm:chestplate:0","漩金 胸甲"
"conarm:chestplate:0","焰晶 胸甲"
"conarm:chestplate:0","帝金 胸甲"
"conarm:chestplate:0","阳光合金 胸甲"
"conarm:chestplate:0","异界金属 胸甲"
"conarm:chestplate:0","精金 胸甲"
"conarm:chestplate:0","狄奥尼 胸甲"
"conarm:chestplate:0","辐光合金 胸甲"
"conarm:chestplate:0","流明 胸甲"
"conarm:chestplate:0","赛姆 胸甲"
"conarm:chestplate:0","阿斯特里姆 胸甲"
"conarm:chestplate:0","铌 胸甲"
"conarm:chestplate:0","原金 胸甲"
"conarm:chestplate:0","陨铁 胸甲"
"conarm:chestplate:0","黑陨铁 胸甲"
"conarm:chestplate:0","霜冻巨魔皮革 胸甲"
"conarm:chestplate:0","棕褐色死尸虫甲壳 胸甲"
"conarm:chestplate:0","青铜色龙鳞 胸甲"
"conarm:chestplate:0","蓝色海蛇鳞 胸甲"
"conarm:chestplate:0","紫色海蛇鳞 胸甲"
"conarm:chestplate:0","白色龙鳞 胸甲"
"conarm:chestplate:0","白色死尸虫甲壳 胸甲"
"conarm:chestplate:0","棕色死尸虫甲壳 胸甲"
"conarm:chestplate:0","灰色龙鳞 胸甲"
"conarm:chestplate:0","蓝宝石色龙鳞 胸甲"
"conarm:chestplate:0","青色海蛇鳞 胸甲"
"conarm:chestplate:0","蓝色龙鳞 胸甲"
"conarm:chestplate:0","森林巨魔皮革 胸甲"
"conarm:chestplate:0","绿色龙鳞 胸甲"
"conarm:chestplate:0","山地巨魔皮革 胸甲"
"conarm:chestplate:0","青铜色海蛇鳞 胸甲"
"conarm:chestplate:0","红色龙鳞 胸甲"
"conarm:chestplate:0","深蓝色海蛇鳞 胸甲"
"conarm:chestplate:0","红色海蛇鳞 胸甲"
"conarm:chestplate:0","绿色海蛇鳞 胸甲"
"conarm:chestplate:0","银色龙鳞 胸甲"
"conarm:chestplate:0","蓝宝石 胸甲"
"conarm:chestplate:0","紫水晶 胸甲"
"conarm:chestplate:0","黄玉 胸甲"
"conarm:chestplate:0","坦桑石 胸甲"
"conarm:chestplate:0","孔雀石 胸甲"
"conarm:chestplate:0","殷钢 胸甲"
"conarm:chestplate:0","耐酸铝 胸甲"
"conarm:chestplate:0","铱 胸甲"
"conarm:chestplate:0","红宝石 胸甲"
"conarm:chestplate:0","橄榄石 胸甲"
"conarm:chestplate:0","琥珀 胸甲"
"conarm:chestplate:0","镍 胸甲"
"conarm:chestplate:0","魔法木质胸甲"
"conarm:chestplate:0","恶魔灌注胸甲"
"conarm:chestplate:0","附魔胸甲"
"conarm:chestplate:0","恶魔胸甲"
"conarm:chestplate:0","深渊锭 胸甲"
"conarm:chestplate:0","精制珊瑚锭 胸甲"
"conarm:chestplate:0","恐惧金属 胸甲"
"conarm:chestplate:0","防腐木 胸甲"
"conarm:chestplate:0","康铜 胸甲"
"conarm:chestplate:0","绿宝石 胸甲"
"conarm:chestplate:0","木 胸甲"
"conarm:leggings:0","龙骨 护腿"
"conarm:leggings:0","沙漠蚁甲 护腿"
"conarm:leggings:0","丛林蚁甲 护腿"
"conarm:leggings:0","龙炎钢 护腿"
"conarm:leggings:0","龙霜钢 护腿"
"conarm:leggings:0","娜迦鳞片 护腿"
"conarm:leggings:0","钢叶 护腿"
"conarm:leggings:0","炽铁 护腿"
"conarm:leggings:0","骑士金属 护腿"
"conarm:leggings:0","圆石 护腿"
"conarm:leggings:0","燧石 护腿"
"conarm:leggings:0","仙人掌 护腿"
"conarm:leggings:0","骨头 护腿"
"conarm:leggings:0","黑曜石 护腿"
"conarm:leggings:0","海晶石 护腿"
"conarm:leggings:0","末地石 护腿"
"conarm:leggings:0","纸 护腿"
"conarm:leggings:0","海绵 护腿"
"conarm:leggings:0","烈焰木 护腿"
"conarm:leggings:0","铁 护腿"
"conarm:leggings:0","生铁 护腿"
"conarm:leggings:0","骑士史莱姆 护腿"
"conarm:leggings:0","史莱姆 护腿"
"conarm:leggings:0","史莱姆 护腿"
"conarm:leggings:0","熔岩史莱姆 护腿"
"conarm:leggings:0","地狱岩 护腿"
"conarm:leggings:0","钴 护腿"
"conarm:leggings:0","阿迪特 护腿"
"conarm:leggings:0","玛玉灵 护腿"
"conarm:leggings:0","铜 护腿"
"conarm:leggings:0","青铜 护腿"
"conarm:leggings:0","铅 护腿"
"conarm:leggings:0","银 护腿"
"conarm:leggings:0","琥珀金 护腿"
"conarm:leggings:0","钢 护腿"
"conarm:leggings:0","泰伯利亚 护腿"
"conarm:leggings:0","奥罗拉 护腿"
"conarm:leggings:0","钷 护腿"
"conarm:leggings:0","杜兰特 护腿"
"conarm:leggings:0","瓦雷利亚 护腿"
"conarm:leggings:0","振金 护腿"
"conarm:leggings:0","地母 护腿"
"conarm:leggings:0","钯 护腿"
"conarm:leggings:0","乌鲁 护腿"
"conarm:leggings:0","零素 护腿"
"conarm:leggings:0","玄武岩 护腿"
"conarm:leggings:0","泰伯利安 护腿"
"conarm:leggings:0","碎金 护腿"
"conarm:leggings:0","瑟蓝 护腿"
"conarm:leggings:0","普罗克希 护腿"
"conarm:leggings:0","漩金 护腿"
"conarm:leggings:0","焰晶 护腿"
"conarm:leggings:0","帝金 护腿"
"conarm:leggings:0","阳光合金 护腿"
"conarm:leggings:0","异界金属 护腿"
"conarm:leggings:0","精金 护腿"
"conarm:leggings:0","狄奥尼 护腿"
"conarm:leggings:0","辐光合金 护腿"
"conarm:leggings:0","流明 护腿"
"conarm:leggings:0","赛姆 护腿"
"conarm:leggings:0","阿斯特里姆 护腿"
"conarm:leggings:0","铌 护腿"
"conarm:leggings:0","原金 护腿"
"conarm:leggings:0","陨铁 护腿"
"conarm:leggings:0","黑陨铁 护腿"
"conarm:leggings:0","霜冻巨魔皮革 护腿"
"conarm:leggings:0","棕褐色死尸虫甲壳 护腿"
"conarm:leggings:0","青铜色龙鳞 护腿"
"conarm:leggings:0","蓝色海蛇鳞 护腿"
"conarm:leggings:0","紫色海蛇鳞 护腿"
"conarm:leggings:0","白色龙鳞 护腿"
"conarm:leggings:0","白色死尸虫甲壳 护腿"
"conarm:leggings:0","棕色死尸虫甲壳 护腿"
"conarm:leggings:0","灰色龙鳞 护腿"
"conarm:leggings:0","蓝宝石色龙鳞 护腿"
"conarm:leggings:0","青色海蛇鳞 护腿"
"conarm:leggings:0","蓝色龙鳞 护腿"
"conarm:leggings:0","森林巨魔皮革 护腿"
"conarm:leggings:0","绿色龙鳞 护腿"
"conarm:leggings:0","山地巨魔皮革 护腿"
"conarm:leggings:0","青铜色海蛇鳞 护腿"
"conarm:leggings:0","红色龙鳞 护腿"
"conarm:leggings:0","深蓝色海蛇鳞 护腿"
"conarm:leggings:0","红色海蛇鳞 护腿"
"conarm:leggings:0","绿色海蛇鳞 护腿"
"conarm:leggings:0","银色龙鳞 护腿"
"conarm:leggings:0","蓝宝石 护腿"
"conarm:leggings:0","紫水晶 护腿"
"conarm:leggings:0","黄玉 护腿"
"conarm:leggings:0","坦桑石 护腿"
"conarm:leggings:0","孔雀石 护腿"
"conarm:leggings:0","殷钢 护腿"
"conarm:leggings:0","耐酸铝 护腿"
"conarm:leggings:0","铱 护腿"
"conarm:leggings:0","红宝石 护腿"
"conarm:leggings:0","橄榄石 护腿"
"conarm:leggings:0","琥珀 护腿"
"conarm:leggings:0","镍 护腿"
"conarm:leggings:0","魔法木质护腿"
"conarm:leggings:0","恶魔灌注护腿"
"conarm:leggings:0","附魔护腿"
"conarm:leggings:0","恶魔护腿"
"conarm:leggings:0","深渊锭 护腿"
"conarm:leggings:0","精制珊瑚锭 护腿"
"conarm:leggings:0","恐惧金属 护腿"
"conarm:leggings:0","防腐木 护腿"
"conarm:leggings:0","康铜 护腿"
"conarm:leggings:0","绿宝石 护腿"
"conarm:leggings:0","木 护腿"
"conarm:boots:0","龙骨 靴子"
"conarm:boots:0","沙漠蚁甲 靴子"
"conarm:boots:0","丛林蚁甲 靴子"
"conarm:boots:0","龙炎钢 靴子"
"conarm:boots:0","龙霜钢 靴子"
"conarm:boots:0","娜迦鳞片 靴子"
"conarm:boots:0","钢叶 靴子"
"conarm:boots:0","炽铁 靴子"
"conarm:boots:0","骑士金属 靴子"
"conarm:boots:0","圆石 靴子"
"conarm:boots:0","燧石 靴子"
"conarm:boots:0","仙人掌 靴子"
"conarm:boots:0","骨头 靴子"
"conarm:boots:0","黑曜石 靴子"
"conarm:boots:0","海晶石 靴子"
"conarm:boots:0","末地石 靴子"
"conarm:boots:0","纸 靴子"
"conarm:boots:0","海绵 靴子"
"conarm:boots:0","烈焰木 靴子"
"conarm:boots:0","铁 靴子"
"conarm:boots:0","生铁 靴子"
"conarm:boots:0","骑士史莱姆 靴子"
"conarm:boots:0","史莱姆 靴子"
"conarm:boots:0","史莱姆 靴子"
"conarm:boots:0","熔岩史莱姆 靴子"
"conarm:boots:0","地狱岩 靴子"
"conarm:boots:0","钴 靴子"
"conarm:boots:0","阿迪特 靴子"
"conarm:boots:0","玛玉灵 靴子"
"conarm:boots:0","铜 靴子"
"conarm:boots:0","青铜 靴子"
"conarm:boots:0","铅 靴子"
"conarm:boots:0","银 靴子"
"conarm:boots:0","琥珀金 靴子"
"conarm:boots:0","钢 靴子"
"conarm:boots:0","泰伯利亚 靴子"
"conarm:boots:0","奥罗拉 靴子"
"conarm:boots:0","钷 靴子"
"conarm:boots:0","杜兰特 靴子"
"conarm:boots:0","瓦雷利亚 靴子"
"conarm:boots:0","振金 靴子"
"conarm:boots:0","地母 靴子"
"conarm:boots:0","钯 靴子"
"conarm:boots:0","乌鲁 靴子"
"conarm:boots:0","零素 靴子"
"conarm:boots:0","玄武岩 靴子"
"conarm:boots:0","泰伯利安 靴子"
"conarm:boots:0","碎金 靴子"
"conarm:boots:0","瑟蓝 靴子"
"conarm:boots:0","普罗克希 靴子"
"conarm:boots:0","漩金 靴子"
"conarm:boots:0","焰晶 靴子"
"conarm:boots:0","帝金 靴子"
"conarm:boots:0","阳光合金 靴子"
"conarm:boots:0","异界金属 靴子"
"conarm:boots:0","精金 靴子"
"conarm:boots:0","狄奥尼 靴子"
"conarm:boots:0","辐光合金 靴子"
"conarm:boots:0","流明 靴子"
"conarm:boots:0","赛姆 靴子"
"conarm:boots:0","阿斯特里姆 靴子"
"conarm:boots:0","铌 靴子"
"conarm:boots:0","原金 靴子"
"conarm:boots:0","陨铁 靴子"
"conarm:boots:0","黑陨铁 靴子"
"conarm:boots:0","霜冻巨魔皮革 靴子"
"conarm:boots:0","棕褐色死尸虫甲壳 靴子"
"conarm:boots:0","青铜色龙鳞 靴子"
"conarm:boots:0","蓝色海蛇鳞 靴子"
"conarm:boots:0","紫色海蛇鳞 靴子"
"conarm:boots:0","白色龙鳞 靴子"
"conarm:boots:0","白色死尸虫甲壳 靴子"
"conarm:boots:0","棕色死尸虫甲壳 靴子"
"conarm:boots:0","灰色龙鳞 靴子"
"conarm:boots:0","蓝宝石色龙鳞 靴子"
"conarm:boots:0","青色海蛇鳞 靴子"
"conarm:boots:0","蓝色龙鳞 靴子"
"conarm:boots:0","森林巨魔皮革 靴子"
"conarm:boots:0","绿色龙鳞 靴子"
"conarm:boots:0","山地巨魔皮革 靴子"
"conarm:boots:0","青铜色海蛇鳞 靴子"
"conarm:boots:0","红色龙鳞 靴子"
"conarm:boots:0","深蓝色海蛇鳞 靴子"
"conarm:boots:0","红色海蛇鳞 靴子"
"conarm:boots:0","绿色海蛇鳞 靴子"
"conarm:boots:0","银色龙鳞 靴子"
"conarm:boots:0","蓝宝石 靴子"
"conarm:boots:0","紫水晶 靴子"
"conarm:boots:0","黄玉 靴子"
"conarm:boots:0","坦桑石 靴子"
"conarm:boots:0","孔雀石 靴子"
"conarm:boots:0","殷钢 靴子"
"conarm:boots:0","耐酸铝 靴子"
"conarm:boots:0","铱 靴子"
"conarm:boots:0","红宝石 靴子"
"conarm:boots:0","橄榄石 靴子"
"conarm:boots:0","琥珀 靴子"
"conarm:boots:0","镍 靴子"
"conarm:boots:0","魔法木质靴子"
"conarm:boots:0","恶魔灌注靴子"
"conarm:boots:0","附魔靴子"
"conarm:boots:0","恶魔靴子"
"conarm:boots:0","深渊锭 靴子"
"conarm:boots:0","精制珊瑚锭 靴子"
"conarm:boots:0","恐惧金属 靴子"
"conarm:boots:0","防腐木 靴子"
"conarm:boots:0","康铜 靴子"
"conarm:boots:0","绿宝石 靴子"
"conarm:boots:0","木 靴子"
"conarm:book:0","盔甲锻造手册"
"conarm:invisible_ink:0","隐形墨水"
"conarm:resist_mat:0","防护强化大板"
"conarm:resist_mat_fire:0","防火强化大板"
"conarm:resist_mat_proj:0","防射强化大板"
"conarm:resist_mat_blast:0","防爆强化大板"
"conarm:gauntlet_mat:0","基础护手"
"conarm:gauntlet_mat_speed:0","轻巧护手"
"conarm:gauntlet_mat_attack:0","力量护手"
"conarm:gauntlet_mat_reach:0","灵性护手"
"conarm:frosty_soles:0","冰霜鞋底"
"conarm:travel_belt_base:0","旅行者腰带（基础）"
"conarm:travel_belt:0","旅行者腰带（存储）"
"conarm:travel_potion:0","旅行者腰带（酿造）"
"conarm:travel_sack:0","旅行者背包"
"conarm:travel_goggles_base:0","旅行者护目镜（基础）"
"conarm:travel_goggles:0","旅行者护目镜（远眺）"
"conarm:travel_night:0","旅行者护目镜（夜视）"
"conarm:travel_cloak:0","旅行者披风（基础）"
"conarm:travel_sneak:0","旅行者披风（隐身）"
"conarm:travel_slowfall:0","旅行者披风（缓落）"
"conarm:travel_soul:0","旅行者护目镜（灵魂窥视）"
"conarm:polishing_kit:0","龙骨 抛光工具"
"conarm:polishing_kit:0","沙漠蚁甲 抛光工具"
"conarm:polishing_kit:0","丛林蚁甲 抛光工具"
"conarm:polishing_kit:0","龙炎钢 抛光工具"
"conarm:polishing_kit:0","龙霜钢 抛光工具"
"conarm:polishing_kit:0","娜迦鳞片 抛光工具"
"conarm:polishing_kit:0","钢叶 抛光工具"
"conarm:polishing_kit:0","炽铁 抛光工具"
"conarm:polishing_kit:0","骑士金属 抛光工具"
"conarm:polishing_kit:0","圆石 抛光工具"
"conarm:polishing_kit:0","燧石 抛光工具"
"conarm:polishing_kit:0","仙人掌 抛光工具"
"conarm:polishing_kit:0","骨头 抛光工具"
"conarm:polishing_kit:0","黑曜石 抛光工具"
"conarm:polishing_kit:0","海晶石 抛光工具"
"conarm:polishing_kit:0","末地石 抛光工具"
"conarm:polishing_kit:0","纸 抛光工具"
"conarm:polishing_kit:0","海绵 抛光工具"
"conarm:polishing_kit:0","烈焰木 抛光工具"
"conarm:polishing_kit:0","铁 抛光工具"
"conarm:polishing_kit:0","生铁 抛光工具"
"conarm:polishing_kit:0","骑士史莱姆 抛光工具"
"conarm:polishing_kit:0","史莱姆 抛光工具"
"conarm:polishing_kit:0","史莱姆 抛光工具"
"conarm:polishing_kit:0","熔岩史莱姆 抛光工具"
"conarm:polishing_kit:0","地狱岩 抛光工具"
"conarm:polishing_kit:0","钴 抛光工具"
"conarm:polishing_kit:0","阿迪特 抛光工具"
"conarm:polishing_kit:0","玛玉灵 抛光工具"
"conarm:polishing_kit:0","铜 抛光工具"
"conarm:polishing_kit:0","青铜 抛光工具"
"conarm:polishing_kit:0","铅 抛光工具"
"conarm:polishing_kit:0","银 抛光工具"
"conarm:polishing_kit:0","琥珀金 抛光工具"
"conarm:polishing_kit:0","钢 抛光工具"
"conarm:polishing_kit:0","泰伯利亚 抛光工具"
"conarm:polishing_kit:0","奥罗拉 抛光工具"
"conarm:polishing_kit:0","钷 抛光工具"
"conarm:polishing_kit:0","杜兰特 抛光工具"
"conarm:polishing_kit:0","瓦雷利亚 抛光工具"
"conarm:polishing_kit:0","振金 抛光工具"
"conarm:polishing_kit:0","地母 抛光工具"
"conarm:polishing_kit:0","钯 抛光工具"
"conarm:polishing_kit:0","乌鲁 抛光工具"
"conarm:polishing_kit:0","零素 抛光工具"
"conarm:polishing_kit:0","玄武岩 抛光工具"
"conarm:polishing_kit:0","泰伯利安 抛光工具"
"conarm:polishing_kit:0","碎金 抛光工具"
"conarm:polishing_kit:0","瑟蓝 抛光工具"
"conarm:polishing_kit:0","普罗克希 抛光工具"
"conarm:polishing_kit:0","漩金 抛光工具"
"conarm:polishing_kit:0","焰晶 抛光工具"
"conarm:polishing_kit:0","帝金 抛光工具"
"conarm:polishing_kit:0","阳光合金 抛光工具"
"conarm:polishing_kit:0","异界金属 抛光工具"
"conarm:polishing_kit:0","精金 抛光工具"
"conarm:polishing_kit:0","狄奥尼 抛光工具"
"conarm:polishing_kit:0","辐光合金 抛光工具"
"conarm:polishing_kit:0","流明 抛光工具"
"conarm:polishing_kit:0","赛姆 抛光工具"
"conarm:polishing_kit:0","阿斯特里姆 抛光工具"
"conarm:polishing_kit:0","铌 抛光工具"
"conarm:polishing_kit:0","原金 抛光工具"
"conarm:polishing_kit:0","陨铁 抛光工具"
"conarm:polishing_kit:0","黑陨铁 抛光工具"
"conarm:polishing_kit:0","霜冻巨魔皮革 抛光工具"
"conarm:polishing_kit:0","棕褐色死尸虫甲壳 抛光工具"
"conarm:polishing_kit:0","青铜色龙鳞 抛光工具"
"conarm:polishing_kit:0","蓝色海蛇鳞 抛光工具"
"conarm:polishing_kit:0","紫色海蛇鳞 抛光工具"
"conarm:polishing_kit:0","白色龙鳞 抛光工具"
"conarm:polishing_kit:0","白色死尸虫甲壳 抛光工具"
"conarm:polishing_kit:0","棕色死尸虫甲壳 抛光工具"
"conarm:polishing_kit:0","灰色龙鳞 抛光工具"
"conarm:polishing_kit:0","蓝宝石色龙鳞 抛光工具"
"conarm:polishing_kit:0","青色海蛇鳞 抛光工具"
"conarm:polishing_kit:0","蓝色龙鳞 抛光工具"
"conarm:polishing_kit:0","森林巨魔皮革 抛光工具"
"conarm:polishing_kit:0","绿色龙鳞 抛光工具"
"conarm:polishing_kit:0","山地巨魔皮革 抛光工具"
"conarm:polishing_kit:0","青铜色海蛇鳞 抛光工具"
"conarm:polishing_kit:0","红色龙鳞 抛光工具"
"conarm:polishing_kit:0","深蓝色海蛇鳞 抛光工具"
"conarm:polishing_kit:0","红色海蛇鳞 抛光工具"
"conarm:polishing_kit:0","绿色海蛇鳞 抛光工具"
"conarm:polishing_kit:0","银色龙鳞 抛光工具"
"conarm:polishing_kit:0","蓝宝石 抛光工具"
"conarm:polishing_kit:0","紫水晶 抛光工具"
"conarm:polishing_kit:0","黄玉 抛光工具"
"conarm:polishing_kit:0","坦桑石 抛光工具"
"conarm:polishing_kit:0","孔雀石 抛光工具"
"conarm:polishing_kit:0","殷钢 抛光工具"
"conarm:polishing_kit:0","耐酸铝 抛光工具"
"conarm:polishing_kit:0","铱 抛光工具"
"conarm:polishing_kit:0","红宝石 抛光工具"
"conarm:polishing_kit:0","橄榄石 抛光工具"
"conarm:polishing_kit:0","琥珀 抛光工具"
"conarm:polishing_kit:0","镍 抛光工具"
"conarm:polishing_kit:0","魔法木质抛光工具"
"conarm:polishing_kit:0","恶魔灌注抛光工具"
"conarm:polishing_kit:0","附魔抛光工具"
"conarm:polishing_kit:0","恶魔抛光工具"
"conarm:polishing_kit:0","深渊锭 抛光工具"
"conarm:polishing_kit:0","精制珊瑚锭 抛光工具"
"conarm:polishing_kit:0","恐惧金属 抛光工具"
"conarm:polishing_kit:0","防腐木 抛光工具"
"conarm:polishing_kit:0","康铜 抛光工具"
"conarm:polishing_kit:0","绿宝石 抛光工具"
"conarm:polishing_kit:0","木 抛光工具"
"conarm:armorforge:0","盔甲装配台"
"conarm:armorforge:0","盔甲装配台"
"conarm:armorforge:0","盔甲装配台"
"conarm:armorforge:0","盔甲装配台"
"conarm:armorforge:0","盔甲装配台"
"conarm:armorforge:0","盔甲装配台"
"conarm:armorforge:0","盔甲装配台"
"conarm:armorforge:0","盔甲装配台"
"conarm:armorforge:0","盔甲装配台"
"conarm:armorforge:0","盔甲装配台"
"conarm:armorforge:0","盔甲装配台"
"conarm:armorforge:0","盔甲装配台"
"conarm:armorforge:0","盔甲装配台"
"conarm:armorforge:0","盔甲装配台"
"conarm:armorforge:0","盔甲装配台"
"conarm:armorforge:0","盔甲装配台"
"conarm:armorforge:0","盔甲装配台"
"conarm:armorforge:0","盔甲装配台"
"conarm:armorforge:0","盔甲装配台"
"conarm:armorforge:0","盔甲装配台"
"conarm:armorforge:0","盔甲装配台"
"conarm:armorforge:0","盔甲装配台"
"conarm:armorforge:0","盔甲装配台"
"conarm:armorforge:0","盔甲装配台"
"conarm:armorforge:0","盔甲装配台"
"conarm:armorstation:0","盔甲组装台"
