冰霜灌注,18,242343b8
盾牌反击,14,4b12b4ba
光之穿刺,21,c56eb8b3
海之眷顾,10,d822ca58
横扫之刃,10,db3117c4
荆棘,10,3a498d9f
火矢,1,03eb0748
摔落保护,10,4d6030a4
拆除,18,b4fa9955
绑定诅咒,1,41cee5a6
反射防御,10,53fe0b7f
Channeling,1,0e29e595
引诱,1,0b68278a
弹射物保护,10,d3241aa1
拾荒者,3,a504c8ce
亡灵杀手,30,9d40ae60
冰霜行者,10,4ea87942
冲击,10,ebd6fc56
自然祝福,13,8940f966
Impaling,21,eecabbba
珊瑚,1,16ee4fcc
锋利,30,996835ad
效率,10,263903b5
魔法保护,22,5e0f2e67
矿工热忱,11,029a2544
饵钓,10,def92165
生命修补,4,188bf779
极致无限,1,a9679dab
克爆,21,bc13688f
知识,8,4bad47a5
火焰附加,10,7ff7f8c7
魔力灌注,16,69562b96
寒冰荆刺,6,8f383352
耐久,10,3efba4ff
屹立不倒,2,408edb27
地狱灌注,12,0949f36d
冰霜保护,21,7bc89430
时运,5,97c934ca
震荡不定,3,848e052b
尔虞我诈,14,78881a21
魔法保护,6,876c35f9
破击,16,6e9c296d
经验修补,6,b6dcf6e4
击退,10,4e61f33f
火焰保护,10,8e8d83b7
力量,30,87616cf4
雷电保护,21,4876b1d4
水下速掘,1,c1828967
骑兵突击,15,f0fcf948
推车,19,97ee137e
Loyalty,3,b0e0f875
狂战士之怒,6,24184a55
回弹,17,6f1c1a21
Riptide,3,c549f9cb
消失诅咒,1,7a459936
爆炸保护,10,3a23c0e0
节肢杀手,30,3fcbff4d
精准采集,1,78ecc307
抢夺,5,cf21c015
深海探索者,10,a11b91cc
恐惧,1,b0d2d077
水下呼吸,10,97ca293e
魔力灌注,18,6ce8aa69
稳定立足,1,22bc077d
铁壁,15,e87122e6
火焰灌注,18,a6000f5e
分裂,15,0cafa21e
无限,1,04cac38f
保护,10,2497ea11
